entity_id,domains
RL-000001,BUSINESS
RL-000002,HR
RL-000003,IT
RL-000004,HR
RL-000005,IT
RL-000006,IT
RL-000007,IT
RL-000008,IT
RL-000009,BUSINESS
RL-000010,BUSINESS
RL-000011,BUSINESS
RL-000012,IT
RL-000013,HR
RL-000014,BUSINESS
RL-000015,IT
RL-000016,HR
RL-000017,IT
RL-000018,HR
RL-000019,BUSINESS
RL-000020,BUSINESS
RL-000021,BUSINESS
RL-000022,BUSINESS
RL-000023,HR
RL-000024,HR
RL-000025,HR
RL-000026,BUSINESS
RL-000027,HR
RL-000028,IT
RL-000029,IT
RL-000030,IT
RL-000031,IT
RL-000032,IT
RL-000033,IT
RL-000034,IT
RL-000035,HR
SK-000001,IT
SK-000002,IT
SK-000003,IT
SK-000004,IT
SK-000005,BUSINESS
SK-000006,IT
SK-000007,IT
SK-000008,IT
SK-000009,BUSINESS
SK-000010,IT
SK-000011,IT
SK-000012,BUSINESS
SK-000013,BUSINESS
SK-000014,BUSINESS
SK-000015,BUSINESS
SK-000016,IT
SK-000017,IT
SK-000018,IT
SK-000019,BUSINESS
SK-000020,IT
SK-000021,BUSINESS
SK-000022,BUSINESS
SK-000023,IT
SK-000024,BUSINESS
SK-000025,HR
SK-000026,"BUSINESS, IT"
SK-000027,HR
SK-000028,IT
SK-000029,"BUSINESS, IT"
SK-000030,IT
SK-000031,IT
SK-000032,BUSINESS
SK-000033,BUSINESS
SK-000034,IT
SK-000035,HR
SK-000036,IT
SK-000037,IT
SK-000038,IT
SK-000039,BUSINESS
SK-000040,"BUSINESS, IT"
SK-000041,IT
SK-000042,BUSINESS
SK-000043,IT
SK-000044,BUSINESS
SK-000045,"BUSINESS, HR"
SK-000046,BUSINESS
SK-000047,"BUSINESS, HR"
SK-000048,HR
SK-000049,HR
SK-000050,IT
SK-000051,IT
SK-000052,IT
SK-000053,IT
SK-000054,IT
SK-000055,HR
SK-000056,"BUSINESS, IT"
SK-000057,BUSINESS
SK-000058,IT
SK-000059,"BUSINESS, HR"
SK-000060,IT
SK-000061,BUSINESS
SK-000062,IT
SK-000063,BUSINESS
SK-000064,"BUSINESS, IT"
SK-000065,BUSINESS
SK-000066,BUSINESS
SK-000067,BUSINESS
SK-000068,IT
SK-000069,"BUSINESS, IT"
SK-000070,BUSINESS
SK-000071,BUSINESS
SK-000072,IT
SK-000073,BUSINESS
SK-000074,IT
SK-000075,IT
SK-000076,IT
SK-000077,HR
SK-000078,IT
SK-000079,IT
SK-000080,"BUSINESS, IT"
SK-000081,BUSINESS
SK-000082,IT
SK-000083,BUSINESS
SK-000084,BUSINESS
SK-000085,BUSINESS
SK-000086,"BUSINESS, IT"
SK-000087,IT
SK-000088,BUSINESS
SK-000089,HR
SK-000090,IT
SK-000091,"BUSINESS, HR"
SK-000092,IT
SK-000093,BUSINESS
SK-000094,HR
SK-000095,HR
SK-000096,BUSINESS
SK-000097,BUSINESS
SK-000098,BUSINESS
SK-000099,BUSINESS
SK-000100,IT
SK-000101,BUSINESS
SK-000102,IT
SK-000103,IT
SK-000104,BUSINESS
SK-000105,IT
SK-000106,IT
SK-000107,IT
SK-000108,IT
SK-000109,HR
SK-000110,BUSINESS
SK-000111,IT
SK-000112,BUSINESS
SK-000113,BUSINESS
SK-000114,IT
SK-000115,BUSINESS
SK-000116,BUSINESS
SK-000117,BUSINESS
SK-000118,IT
SK-000119,BUSINESS
SK-000120,HR
SK-000121,IT
SK-000122,IT
SK-000123,IT
SK-000124,IT
SK-000125,IT
SK-000126,HR
SK-000127,BUSINESS
SK-000128,IT
SK-000129,HR
SK-000130,"BUSINESS, IT"
SK-000131,IT
SK-000132,BUSINESS
SK-000133,IT
SK-000134,IT
SK-000135,BUSINESS
SK-000136,BUSINESS
SK-000137,BUSINESS
SK-000138,IT
SK-000139,HR
SK-000140,"BUSINESS, IT"
SK-000141,HR
SK-000142,IT
SK-000143,BUSINESS
SK-000144,"BUSINESS, HR"
SK-000145,IT
SK-000146,BUSINESS
SK-000147,"BUSINESS, IT"
SK-000148,IT
SK-000149,HR
SK-000150,IT
SK-000151,IT
SK-000152,BUSINESS
SK-000153,IT
SK-000154,BUSINESS
SK-000155,HR
SK-000156,"BUSINESS, IT"
SK-000157,BUSINESS
SK-000158,IT
SK-000159,"BUSINESS, HR"
SK-000160,HR
SK-000161,IT
SK-000162,BUSINESS
SK-000163,BUSINESS
SK-000164,BUSINESS
SK-000165,IT
SK-000166,"BUSINESS, IT"
SK-000167,HR
SK-000168,BUSINESS
SK-000169,IT
SK-000170,BUSINESS
SK-000171,IT
SK-000172,HR
SK-000173,IT
SK-000174,IT
SK-000175,BUSINESS
SK-000176,IT
SK-000177,IT
SK-000178,BUSINESS
SK-000179,IT
SK-000180,IT
SK-000181,IT
SK-000182,BUSINESS
SK-000183,BUSINESS
SK-000184,IT
SK-000185,IT
SK-000186,IT
SK-000187,BUSINESS
SK-000188,IT
SK-000189,IT
SK-000190,BUSINESS
SK-000191,IT
SK-000192,IT
SK-000193,IT
SK-000194,IT
SK-000195,IT
SK-000196,IT
SK-000197,IT
SK-000198,IT
SK-000199,"BUSINESS, HR"
SK-000200,IT
SK-000201,BUSINESS
SK-000202,BUSINESS
SK-000203,IT
SK-000204,"BUSINESS, HR"
SK-000205,BUSINESS
SK-000206,IT
SK-000207,BUSINESS
SK-000208,BUSINESS
SK-000209,HR
SK-000210,"BUSINESS, HR"
SK-000211,BUSINESS
SK-000212,HR
SK-000213,IT
SK-000214,IT
SK-000215,IT
SK-000216,BUSINESS
SK-000217,IT
SK-000218,IT
SK-000219,IT
SK-000220,BUSINESS
SK-000221,HR
SK-000222,IT
SK-000223,HR
SK-000224,IT
SK-000225,IT
SK-000226,HR
SK-000227,IT
SK-000228,IT
SK-000229,BUSINESS
SK-000230,IT
SK-000231,IT
SK-000232,HR
SK-000233,IT
SK-000234,IT
SK-000235,BUSINESS
SK-000236,BUSINESS
SK-000237,BUSINESS
SK-000238,BUSINESS
SK-000239,IT
SK-000240,HR
SK-000241,BUSINESS
SK-000242,HR
SK-000243,BUSINESS
SK-000244,IT
SK-000245,BUSINESS
SK-000246,IT
SK-000247,"BUSINESS, HR"
SK-000248,BUSINESS
SK-000249,IT
SK-000250,HR
SK-000251,IT
SK-000252,IT
SK-000253,BUSINESS
SK-000254,HR
SK-000255,IT
SK-000256,IT
SK-000257,IT
SK-000258,BUSINESS
SK-000259,IT
SK-000260,BUSINESS
SK-000261,IT
SK-000262,HR
SK-000263,IT
SK-000264,BUSINESS
SK-000265,IT
SK-000266,IT
SK-000267,IT
SK-000268,BUSINESS
SK-000269,BUSINESS
SK-000270,IT
SK-000271,IT
SK-000272,HR
SK-000273,BUSINESS
SK-000274,BUSINESS
SK-000275,BUSINESS
SK-000276,IT
SK-000277,IT
SK-000278,"BUSINESS, IT"
SK-000279,BUSINESS
SK-000280,"BUSINESS, HR"
SK-000281,HR
SK-000282,IT
SK-000283,IT
SK-000284,IT
SK-000285,IT
SK-000286,BUSINESS
SK-000287,HR
SK-000288,IT
SK-000289,BUSINESS
SK-000290,"BUSINESS, HR"
SK-000291,BUSINESS
SK-000292,HR
SK-000293,BUSINESS
SK-000294,"BUSINESS, IT"
SK-000295,BUSINESS
SK-000296,"BUSINESS, HR"
SK-000297,"BUSINESS, HR"
SK-000298,HR
SK-000299,BUSINESS
SK-000300,IT
SK-000301,BUSINESS
SK-000302,BUSINESS
SK-000303,HR
SK-000304,IT
SK-000305,BUSINESS
SK-000306,"BUSINESS, IT"
SK-000307,IT
SK-000308,IT
SK-000309,IT
SK-000310,BUSINESS
SK-000311,BUSINESS
SK-000312,IT
SK-000313,IT
SK-000314,BUSINESS
SK-000315,BUSINESS
SK-000316,IT
SK-000317,IT
SK-000318,IT
SK-000319,BUSINESS
SK-000320,IT
SK-000321,HR
SK-000322,"BUSINESS, IT"
SK-000323,IT
SK-000324,IT
SK-000325,BUSINESS
SK-000326,IT
SK-000327,HR
SK-000328,BUSINESS
SK-000329,HR
SK-000330,BUSINESS
SK-000331,BUSINESS
SK-000332,BUSINESS
SK-000333,IT
SK-000334,HR
SK-000335,IT
SK-000336,"BUSINESS, IT"
SK-000337,IT
SK-000338,HR
SK-000339,HR
SK-000340,BUSINESS
SK-000341,IT
SK-000342,BUSINESS
SK-000343,BUSINESS
SK-000344,HR
SK-000345,IT
SK-000346,IT
SK-000347,BUSINESS
SK-000348,IT
SK-000349,BUSINESS
SK-000350,BUSINESS
SK-000351,HR
SK-000352,BUSINESS
SK-000353,IT
SK-000354,IT
SK-000355,IT
SK-000356,BUSINESS
SK-000357,IT
SK-000358,"BUSINESS, IT"
SK-000359,BUSINESS
SK-000360,BUSINESS
SK-000361,HR
SK-000362,BUSINESS
SK-000363,IT
SK-000364,HR
SK-000365,IT
SK-000366,BUSINESS
SK-000367,IT
SK-000368,BUSINESS
SK-000369,IT
SK-000370,"BUSINESS, IT"
SK-000371,IT
SK-000372,"BUSINESS, HR"
SK-000373,BUSINESS
SK-000374,IT
SK-000375,HR
SK-000376,HR
SK-000377,BUSINESS
SK-000378,IT
SK-000379,IT
SK-000380,BUSINESS
SK-000381,IT
SK-000382,BUSINESS
SK-000383,IT
SK-000384,IT
SK-000385,IT
SK-000386,BUSINESS
SK-000387,IT
SK-000388,IT
SK-000389,IT
SK-000390,IT
SK-000391,IT
SK-000392,IT
SK-000393,BUSINESS
SK-000394,BUSINESS
SK-000395,IT
SK-000396,BUSINESS
SK-000397,HR
SK-000398,HR
SK-000399,HR
SK-000400,"BUSINESS, HR"
SK-000401,BUSINESS
SK-000402,IT
SK-000403,HR
SK-000404,BUSINESS
SK-000405,IT
SK-000406,HR
SK-000407,BUSINESS
SK-000408,HR
SK-000409,HR
SK-000410,IT
SK-000411,HR
SK-000412,BUSINESS
SK-000413,"BUSINESS, HR"
SK-000414,HR
SK-000415,HR
SK-000416,IT
SK-000417,IT
SK-000418,IT
SK-000419,BUSINESS
SK-000420,IT
SK-000421,BUSINESS
SK-000422,IT
SK-000423,HR
SK-000424,HR
SK-000425,IT
SK-000426,BUSINESS
SK-000427,"BUSINESS, HR"
SK-000428,BUSINESS
SK-000429,IT
SK-000430,BUSINESS
SK-000431,HR
SK-000432,HR
SK-000433,"BUSINESS, IT"
SK-000434,IT
SK-000435,IT
SK-000436,HR
SK-000437,BUSINESS
SK-000438,HR
SK-000439,IT
SK-000440,HR
SK-000441,BUSINESS
SK-000442,IT
SK-000443,HR
SK-000444,IT
SK-000445,BUSINESS
SK-000446,IT
SK-000447,"BUSINESS, IT"
SK-000448,IT
SK-000449,IT
SK-000450,HR
SK-000451,"BUSINESS, HR"
SK-000452,IT
SK-000453,BUSINESS
SK-000454,BUSINESS
SK-000455,IT
SK-000456,IT
SK-000457,BUSINESS
SK-000458,IT
SK-000459,BUSINESS
SK-000460,BUSINESS
SK-000461,IT
SK-000462,IT
SK-000463,IT
SK-000464,HR
SK-000465,HR
SK-000466,HR
SK-000467,BUSINESS
SK-000468,IT
SK-000469,"BUSINESS, HR"
SK-000470,IT
SK-000471,HR
SK-000472,IT
SK-000473,IT
SK-000474,BUSINESS
SK-000475,HR
SK-000476,HR
SK-000477,IT
SK-000478,IT
SK-000479,BUSINESS
SK-000480,BUSINESS
SK-000481,IT
SK-000482,IT
SK-000483,HR
SK-000484,"BUSINESS, IT"
SK-000485,HR
SK-000486,IT
SK-000487,IT
SK-000488,BUSINESS
SK-000489,IT
SK-000490,BUSINESS
SK-000491,IT
SK-000492,"BUSINESS, IT"
SK-000493,BUSINESS
SK-000494,IT
SK-000495,HR
SK-000496,BUSINESS
SK-000497,BUSINESS
SK-000498,BUSINESS
SK-000499,IT
SK-000500,HR
SK-000501,HR
SK-000502,IT
SK-000503,BUSINESS
SK-000504,IT
SK-000505,BUSINESS
SK-000506,HR
SK-000507,IT
SK-000508,HR
SK-000509,HR
SK-000510,HR
SK-000511,"BUSINESS, IT"
SK-000512,BUSINESS
SK-000513,IT
SK-000514,IT
SK-000515,BUSINESS
SK-000516,IT
SK-000517,IT
SK-000518,"BUSINESS, HR"
SK-000519,BUSINESS
SK-000520,HR
SK-000521,IT
SK-000522,HR
SK-000523,HR
SK-000524,IT
SK-000525,BUSINESS
SK-000526,IT
SK-000527,BUSINESS
SK-000528,HR
SK-000529,BUSINESS
SK-000530,IT
SK-000531,BUSINESS
SK-000532,BUSINESS
SK-000533,HR
SK-000534,BUSINESS
SK-000535,IT
SK-000536,IT
SK-000537,HR
SK-000538,IT
SK-000539,BUSINESS
SK-000540,IT
SK-000541,"BUSINESS, IT"
SK-000542,HR
SK-000543,BUSINESS
SK-000544,BUSINESS
SK-000545,IT
SK-000546,IT
SK-000547,HR
SK-000548,IT
SK-000549,IT
SK-000550,"BUSINESS, IT"
SK-000551,BUSINESS
SK-000552,HR
SK-000553,BUSINESS
SK-000554,BUSINESS
SK-000555,IT
SK-000556,BUSINESS
SK-000557,IT
SK-000558,IT
SK-000559,HR
SK-000560,BUSINESS
SK-000561,IT
SK-000562,IT
SK-000563,IT
SK-000564,HR
SK-000565,IT
SK-000566,IT
SK-000567,"BUSINESS, IT"
SK-000568,BUSINESS
SK-000569,BUSINESS
SK-000570,BUSINESS
SK-000571,BUSINESS
SK-000572,"BUSINESS, IT"
SK-000573,HR
SK-000574,BUSINESS
SK-000575,IT
SK-000576,BUSINESS
SK-000577,IT
SK-000578,BUSINESS
SK-000579,BUSINESS
SK-000580,IT
SK-000581,HR
SK-000582,IT
SK-000583,BUSINESS
SK-000584,BUSINESS
SK-000585,IT
SK-000586,HR
SK-000587,IT
SK-000588,IT
SK-000589,BUSINESS
SK-000590,BUSINESS
SK-000591,IT
SK-000592,BUSINESS
SK-000593,IT
SK-000594,"BUSINESS, IT"
SK-000595,HR
SK-000596,IT
SK-000597,BUSINESS
SK-000598,IT
SK-000599,IT
SK-000600,BUSINESS
SK-000601,IT
SK-000602,BUSINESS
SK-000603,HR
SK-000604,BUSINESS
SK-000605,BUSINESS
SK-000606,HR
SK-000607,IT
SK-000608,"BUSINESS, HR"
SK-000609,IT
SK-000610,IT
SK-000611,IT
SK-000612,IT
SK-000613,BUSINESS
SK-000614,HR
SK-000615,BUSINESS
SK-000616,HR
SK-000617,BUSINESS
SK-000618,IT
SK-000619,IT
SK-000620,BUSINESS
SK-000621,BUSINESS
SK-000622,BUSINESS
SK-000623,"BUSINESS, HR"
SK-000624,HR
SK-000625,HR
SK-000626,HR
SK-000627,BUSINESS
SK-000628,IT
SK-000629,BUSINESS
SK-000630,"BUSINESS, IT"
SK-000631,IT
SK-000632,BUSINESS
SK-000633,BUSINESS
SK-000634,IT
SK-000635,BUSINESS
SK-000636,IT
SK-000637,BUSINESS
SK-000638,HR
SK-000639,IT
SK-000640,IT
SK-000641,HR
SK-000642,BUSINESS
SK-000643,BUSINESS
SK-000644,BUSINESS
SK-000645,BUSINESS
SK-000646,HR
SK-000647,IT
SK-000648,IT
SK-000649,HR
SK-000650,HR
SK-000651,"BUSINESS, HR"
SK-000652,BUSINESS
SK-000653,BUSINESS
SK-000654,IT
SK-000655,IT
SK-000656,IT
SK-000657,IT
SK-000658,BUSINESS
SK-000659,IT
SK-000660,BUSINESS
SK-000661,"BUSINESS, IT"
SK-000662,IT
SK-000663,IT
SK-000664,BUSINESS
SK-000665,IT
SK-000666,IT
SK-000667,BUSINESS
SK-000668,HR
SK-000669,IT
SK-000670,IT
SK-000671,HR
SK-000672,BUSINESS
SK-000673,IT
SK-000674,BUSINESS
SK-000675,IT
SK-000676,BUSINESS
SK-000677,IT
SK-000678,BUSINESS
SK-000679,BUSINESS
SK-000680,BUSINESS
SK-000681,IT
SK-000682,HR
SK-000683,BUSINESS
SK-000684,BUSINESS
SK-000685,BUSINESS
SK-000686,HR
SK-000687,IT
SK-000688,HR
SK-000689,IT
SK-000690,HR
SK-000691,IT
SK-000692,IT
SK-000693,BUSINESS
SK-000694,IT
SK-000695,BUSINESS
SK-000696,BUSINESS
SK-000697,BUSINESS
SK-000698,IT
SK-000699,IT
SK-000700,HR
SK-000701,HR
SK-000702,HR
SK-000703,IT
SK-000704,BUSINESS
SK-000705,IT
SK-000706,IT
SK-000707,BUSINESS
SK-000708,IT
SK-000709,BUSINESS
SK-000710,IT
SK-000711,IT
SK-000712,IT
SK-000713,HR
SK-000714,IT
SK-000715,HR
SK-000716,HR
SK-000717,HR
SK-000718,IT
SK-000719,IT
SK-000720,BUSINESS
SK-000721,IT
SK-000722,BUSINESS
SK-000723,BUSINESS
SK-000724,IT
SK-000725,IT
SK-000726,BUSINESS
SK-000727,IT
SK-000728,BUSINESS
SK-000729,IT
SK-000735,IT
SK-000747,"BUSINESS, IT"
SK-000748,IT
SK-000749,IT
SK-000750,IT
SK-000751,IT
SK-000757,IT
SK-000762,BUSINESS
SK-000766,IT
SK-000767,IT
SK-000769,"BUSINESS, HR"
SK-000770,BUSINESS
SK-000773,"HR, IT"
SK-000774,"BUSINESS, HR"
SK-000775,IT
