match_id,esco_uri,esco_name,onet_source_id,onet_name,match_method,match_score,review_status,review_notes
http://data.europa.eu/esco/occupation/04f39bfa-bc03-4480-98bc-b18ce4fe4b4b::11-3031.00,http://data.europa.eu/esco/occupation/04f39bfa-bc03-4480-98bc-b18ce4fe4b4b,accounting manager,11-3031.00,Financial Managers,ALTERNATIVE,1.0,PENDING_REVIEW,
http://data.europa.eu/esco/occupation/068370e0-9c27-4814-87d0-44fbb3140815::13-1071.00,http://data.europa.eu/esco/occupation/068370e0-9c27-4814-87d0-44fbb3140815,recruitment consultant,13-1071.00,Human Resources Specialists,ALTERNATIVE,1.0,PENDING_REVIEW,
http://data.europa.eu/esco/occupation/106f79e4-6264-45f1-9e7a-297435cd684b::15-1253.00,http://data.europa.eu/esco/occupation/106f79e4-6264-45f1-9e7a-297435cd684b,software tester,15-1253.00,Software Quality Assurance Analysts and Testers,ALTERNATIVE,1.0,PENDING_REVIEW,
http://data.europa.eu/esco/occupation/1fce1be0-bf52-449b-9a2b-3f2cc710290a::13-1141.00,http://data.europa.eu/esco/occupation/1fce1be0-bf52-449b-9a2b-3f2cc710290a,compensation analyst,13-1141.00,"Compensation, Benefits, and Job Analysis Specialists",ALTERNATIVE,1.0,PENDING_REVIEW,
http://data.europa.eu/esco/occupation/2079755f-d809-49e6-8037-4de6180e54c0::15-2051.00,http://data.europa.eu/esco/occupation/2079755f-d809-49e6-8037-4de6180e54c0,data engineer,15-2051.00,Data Scientists,ALTERNATIVE,1.0,PENDING_REVIEW,
http://data.europa.eu/esco/occupation/258e46f9-0075-4a2e-adae-1ff0477e0f30::15-2051.00,http://data.europa.eu/esco/occupation/258e46f9-0075-4a2e-adae-1ff0477e0f30,data scientist,15-2051.00,Data Scientists,FUZZY,0.9655,PENDING_REVIEW,
http://data.europa.eu/esco/occupation/57af9090-55b4-4911-b2d0-86db01c00b02::15-1252.00,http://data.europa.eu/esco/occupation/57af9090-55b4-4911-b2d0-86db01c00b02,embedded systems software developer,15-1252.00,Software Developers,ALTERNATIVE,1.0,PENDING_REVIEW,
http://data.europa.eu/esco/occupation/60082a99-d8ef-4e84-9290-78902681b6ed::13-1111.00,http://data.europa.eu/esco/occupation/60082a99-d8ef-4e84-9290-78902681b6ed,business analyst,13-1111.00,Management Analysts,ALTERNATIVE,1.0,PENDING_REVIEW,
http://data.europa.eu/esco/occupation/6fcf4638-e7c7-4978-9302-9a7b63a3d57c::11-2021.00,http://data.europa.eu/esco/occupation/6fcf4638-e7c7-4978-9302-9a7b63a3d57c,marketing manager,11-2021.00,Marketing Managers,FUZZY,0.9714,PENDING_REVIEW,
http://data.europa.eu/esco/occupation/a6e8a6bf-9209-4d19-a131-a8b6431e0f75::11-3121.00,http://data.europa.eu/esco/occupation/a6e8a6bf-9209-4d19-a131-a8b6431e0f75,talent acquisition manager,11-3121.00,Human Resources Managers,ALTERNATIVE,1.0,PENDING_REVIEW,
http://data.europa.eu/esco/occupation/bea99fea-0383-4c63-b944-70d4799de2c5::11-2021.00,http://data.europa.eu/esco/occupation/bea99fea-0383-4c63-b944-70d4799de2c5,project manager,11-2021.00,Marketing Managers,FUZZY,0.8667,PENDING_REVIEW,
http://data.europa.eu/esco/occupation/bea99fea-0383-4c63-b944-70d4799de2c5::15-1299.09,http://data.europa.eu/esco/occupation/bea99fea-0383-4c63-b944-70d4799de2c5,project manager,15-1299.09,Information Technology Project Managers,FUZZY,0.9091,PENDING_REVIEW,
http://data.europa.eu/esco/occupation/c40a2919-48a9-40ea-b506-1f34f693496d::15-1254.00,http://data.europa.eu/esco/occupation/c40a2919-48a9-40ea-b506-1f34f693496d,web developer,15-1254.00,Web Developers,ALTERNATIVE,1.0,PENDING_REVIEW,
http://data.europa.eu/esco/occupation/d3edb8f8-3a06-47a0-8fb9-9b212c006aa2::15-2051.00,http://data.europa.eu/esco/occupation/d3edb8f8-3a06-47a0-8fb9-9b212c006aa2,data analyst,15-2051.00,Data Scientists,ALTERNATIVE,1.0,PENDING_REVIEW,
http://data.europa.eu/esco/occupation/f605bcd2-90b6-45a0-a558-d05016d68a77::11-3121.00,http://data.europa.eu/esco/occupation/f605bcd2-90b6-45a0-a558-d05016d68a77,human resources manager,11-3121.00,Human Resources Managers,FUZZY,0.9787,PENDING_REVIEW,
http://data.europa.eu/esco/occupation/fe0fa514-b48d-4a53-9757-a283c0baacf0::13-1111.00,http://data.europa.eu/esco/occupation/fe0fa514-b48d-4a53-9757-a283c0baacf0,ICT business analyst,13-1111.00,Management Analysts,FUZZY,0.8889,PENDING_REVIEW,
