source,source_version,source_id,onet_soc_code,preferred_name,description,alternative_labels,suggested_domain_code,review_status,review_notes
ONET,08/2023,11-2021.00,11-2021.00,Marketing Managers,"Plan, direct, or coordinate marketing policies and programs, such as determining the demand for products and services offered by a firm and its competitors, and identify potential customers. Develop pricing strategies with the goal of maximizing the firm's profits or share of the market while ensuring the firm's customers are satisfied. Oversee product development or monitor trends that indicate the need for new products and services.",BD Director (Business Development Director)|BD Manager (Business Development Manager)|Brand Manager|Business Developer|Category Manager|Channel Manager|Commercial Director|Digital Marketing Manager|Digital Product Manager|Internet Marketing Manager|Market Analysis Director|Market Development Executive|Market Development Manager|Market Research Manager|Marketing Administrator (Marketing Admin)|Marketing Communications Manager|Marketing Coordinator|Marketing Director|Marketing Executive|Marketing Officer|Marketing Operations Director (Marketing Ops Director)|Marketing Product Manager|Marketing Sales Supervisor|Media Marketing Director|Membership Director|Product Development Manager|Product Line Manager (PLM)|Product Management Director|Product Manager|Product Marketing Manager|Sales Marketing Director|Sustainable Products Marketing Manager,BUSINESS,PENDING_REVIEW,
ONET,08/2023,11-2032.00,11-2032.00,Public Relations Managers,"Plan, direct, or coordinate activities designed to create or maintain a favorable public image or raise issue awareness for their organization or client.",BD Director (Business Development Director)|Campaign Manager|Communications Director|Communications Manager|Community Engagement Specialist|Community Manager|Community Outreach Coordinator|Community Relations Director|Outreach Coordinator|PR Director (Public Relations Director)|PR Supervisor (Public Relations Supervisor)|Public Affairs Director|Public Information Director|Public Information Relations Manager|Publicity Director|Publicity Manager|Relationship Manager|Social Media Manager|University Relations Director,BUSINESS,PENDING_REVIEW,
ONET,08/2023,11-3031.00,11-3031.00,Financial Managers,"Plan, direct, or coordinate accounting, investing, banking, insurance, securities, and other financial activities of a branch, office, or department of an establishment.",Accountant Supervisor|Accounting Director|Accounting Manager|Accounting Supervisor|Accounts Manager|Accounts Payable Manager|Accounts Supervisor|Actuarial Manager|Asset Manager|ATM Manager (Automated Teller Machine Manager)|Auditing Manager|Auditor Supervisor|Auto Finance Manager (Automotive Finance Manager)|Bank Branch Manager|Bank Manager|Banking Branch Manager|Banking Center Manager (BCM)|Banking Manager|Banking Supervisor|Branch Manager|Budget Manager|Business Banking Manager|Cash Manager|City Comptroller|Collections Manager|Comptroller|Cost Accounting Manager|Credit Administration Manager|Credit and Collection Manager|Credit Department Manager|Credit Manager|Credit Office Manager|Credit Union Manager|District Branch Manager|Exchange Floor Manager|Finance Director|Finance Manager|Financial Center Manager|Financial Director|Financial Institution Branch Manager|Financial Institution Manager|Financial Manager|Financial Officer|Financial Planning and Analysis Manager|Financial Planning Manager|Financial Reporting Manager|Financial Supervisor|Financial Systems Manager|Fiscal Manager|International Bank Manager|Investment Manager|Paymaster|Reimbursement Director|Residential Mortgage Manager|Revenue Cycle Manager|Risk and Insurance Manager|Risk Management Director|Tax Director|Tax Manager,BUSINESS,PENDING_REVIEW,
ONET,08/2023,11-3111.00,11-3111.00,Compensation and Benefits Managers,"Plan, direct, or coordinate compensation and benefits activities of an organization.",Benefits Admin (Benefits Administrator)|Benefits Advisor|Benefits Coordinator|Benefits Director|Benefits Manager|Compensation and Benefits Director|Compensation and Benefits Manager|Compensation Director|Compensation Manager|Compensation Program Manager|Employee Benefits Account Manager|Employee Benefits Coordinator|Employee Benefits Director|Employee Benefits Manager|Global Benefits Manager|Global Compensation Director|Global Compensation Manager|Payroll and Benefits Manager|Payroll Manager|Personnel Manager|Position Classification Manager|Reimbursement Manager|Reimbursements Manager|Total Rewards Director|Total Rewards Manager|Wage and Salary Administrator (Wage and Salary Admin)|Workers' Compensation Manager,HR,PENDING_REVIEW,
ONET,08/2023,11-3121.00,11-3121.00,Human Resources Managers,"Plan, direct, or coordinate human resources activities and staff of an organization.",Diversity and Inclusion Director|Diversity Manager|Efficiency Manager|Employee Relations Manager|Employee Welfare Manager|Employment Manager|HR Admin Director (Human Resources Administration Director)|HR Coordinator (Human Resources Coordinator)|HR Department Supervisor (Human Resources Department Supervisor)|HR Director (Human Resources Director)|HR Manager (Human Resources Manager)|HR Ops Manager (Human Resources Operations Manager)|HR Supervisor (Human Resources Supervisor)|HR VP (Human Resources Vice President)|Human Services Manager|Industrial Relations Director|Industrial Relations Manager|Labor Relations Director|Labor Relations Manager|Personnel Director|Personnel Generalist Manager|Personnel Manager|Placement Director|Position Description Manager|Recruiting Manager|Recruitment Director|Recruitment Manager|Staffing Manager|Talent Acquisition Director|Talent Acquisition Manager|Workforce Manager,HR,PENDING_REVIEW,
ONET,08/2023,13-1071.00,13-1071.00,Human Resources Specialists,"Recruit, screen, interview, or place individuals within an organization. May perform other activities in multiple human resources areas.",Business Intelligence Engineer|Career Development Specialist|Career Development Technician|Career Specialist|Certification Specialist|Contract Recruiter|Corporate Recruiter|Credentialing Coordinator|Credentialing Specialist|Credentials Specialist|Employee Advisor|Employee Counselor|Employee Health Maintenance Program Specialist|Employee Operations Examiner|Employee Placement Specialist|Employee Service Officer|Employment Advisor|Employment Appeals Examiner|Employment Interviewer|Employment Officer|Employment Program Representative|Employment Recruiter|Employment Representative|Employment Security Officer|Employment Service Specialist|Employment Specialist|Enlisted Advisor|Ethics Officer|Executive Coach|Executive Recruiter|Headhunter|Healthcare Recruiter|HR Advisor (Human Resource Advisor)|HR Analyst (Human Resources Analyst)|HR Associate (Human Resources Associate)|HR Business Partner (Human Resources Business Partner)|HR Consultant (Human Resources Consultant)|HR Coordinator (Human Resources Coordinator)|HR Generalist (Human Resources Generalist)|HR Recruiter (Human Resources Recruiter)|HR Tech (Human Resources Technician)|HRIS Analyst (Human Resources Information System Analyst)|Human Resources Representative (HR Rep)|Human Resources Specialist (HR Specialist)|Job Developer|Job Development Specialist|Job Interviewer|Job Placement Officer|Job Placement Specialist|Job Recruiter|Job Service Consultant|Job Service Specialist|Labor Contractor|Labor Service Representative|Labor Services Representative|Mentor Recruiter|Morale Officer|Outplacement Consultant|Personnel Advisor|Personnel Analyst|Personnel Consultant|Personnel Coordinator|Personnel Counselor|Personnel Interviewer|Personnel Officer|Personnel Placement Specialist|Personnel Recruiter|Personnel Representative|Personnel Specialist|Personnel Technician|Personnel Worker|Placement Coordinator|Placement Counselor|Placement Officer|Placement Specialist|Prisoner Classification Interviewer|Recruiter|Recruiting Coordinator|Recruiting Specialist|Recruitment Consultant|Resume Writer|Retention Specialist|Retirement Officer|Rules Examiner|Selection Specialist|Sourcing Recruiter|Staffing Associate|Staffing Consultant|Staffing Coordinator|Staffing Specialist|Student Recruiter|Talent Acquisition Coordinator|Talent Acquisition Partner (TAP)|Talent Acquisition Recruiter|Talent Acquisition Specialist|Talent Recruiter|Technical Recruiter|Volunteer Coordinator|Workforce Services Representative|Workforce Staffing Advisor,HR,PENDING_REVIEW,
ONET,08/2023,13-1111.00,13-1111.00,Management Analysts,"Conduct organizational studies and evaluations, design systems and procedures, conduct work simplification and measurement studies, and prepare operations and procedures manuals to assist management in operating more efficiently and effectively. Includes program analysts and management consultants.",Administrative Analyst|Administrative Support Coordinator|Business Analyst|Business Consultant|Business Development Analyst|Business Management Analyst|Business Management Consultant|Business Operations Analyst|Business Process Analyst|Business Process Consultant|Business Systems Analyst|Clerical Methods Analyst|Commercial Specialist|Dealer Analyst|Employment Programs Analyst|Forms Analyst|Health Information Management Business Analyst (HIM Business Analyst)|Health Information Management Data Analyst (HIM Data Analyst)|Health Program Analyst|Health Program Specialist|Health Systems Analyst|Healthcare Consultant|Human Resource Analyst (HR Analyst)|Implementation Consultant|Industrial Analyst|Management Analyst|Management and Program Analyst|Management Consultant|Management Scientist|Management Systems Auditor|Operations Analyst|Organizational Development Consultant|Performance Consultant|Performance Management Analyst|Program Analyst|Program Development Specialist|Program Evaluator|Program Management Analyst|Project Management Analyst|Records Management Analyst|Reports Analyst|Survey Analyst|Technical Business Analyst,BUSINESS,PENDING_REVIEW,
ONET,08/2023,13-1141.00,13-1141.00,"Compensation, Benefits, and Job Analysis Specialists","Conduct programs of compensation and benefits and job analysis for employer. May specialize in specific areas, such as position classification and pension programs.",Benefit Programs Specialist|Benefits Administrator (Benefits Admin)|Benefits Analyst|Benefits Consultant|Benefits Coordinator|Benefits Professional|Benefits Representative (Benefits Rep)|Benefits Specialist|Claims Benefit Specialist|Compensation Analyst|Compensation and Benefits Analyst|Compensation and Benefits Specialist|Compensation Consultant|Compensation Expert|Compensation Specialist|Employee Benefits Specialist|Employment Advisor|Health Benefits Specialist|Health Plan Specialist|Healthcare Consultant|HR Benefits Specialist (Human Resources Benefits Specialist)|Job Analyst|Job Specification Writer|Occupational Analyst|Payroll and Benefits Administrator (Payroll and Benefits Admin)|Payroll Specialist|Pension Administrator (Pension Admin)|Pensions Retirement Plan Specialist|Personnel Specialist|Position Classification Specialist|Position Classifier|Reimbursement Specialist|Retirement Plan Specialist|Salary and Wage Administrator (Salary and Wage Admin)|Sales Compensation Analyst|Union Contract Representative (Union Contract Rep)|Wage Adjuster|Wage Analyst|Wage and Salary Specialist|Wage Conciliator|Workers' Compensation Claims Specialist|Workforce Analyst,HR,PENDING_REVIEW,
ONET,08/2023,15-1212.00,15-1212.00,Information Security Analysts,"Plan, implement, upgrade, or monitor security measures for the protection of computer networks and information. Assess system vulnerabilities for security risks and propose and implement risk mitigation strategies. May ensure appropriate security controls are in place that will safeguard digital files and vital electronic infrastructure. May respond to computer security breaches and viruses.",AI Security Specialist (Artificial Intelligence Security Specialist)|All-Source Analyst|Application Security Analyst|Applications Security Analyst|Automatic Data Processing Systems Security Specialist (ADP Systems Security)|Blue Team Member|Certified Information Systems Security Professional (CISSP)|Cloud Security Architect|Cloud Security Engineer|Computer Security Coordinator|Computer Security Information Specialist|Computer Security Specialist|Computer Systems Security Analyst|Counterespionage Analyst|Cryptological Technician|Cryptologist|Cyber Defense Analyst|Cyber Defense Forensics Analyst|Cyber Incident Responder|Cyber Information Security Analyst|Cyber Intel Planner|Cyber Intelligence Specialist|Cyber Operations Planner (Cyber Ops Planner)|Cyber Operations Specialist|Cyber Operator|Cyber Policy and Strategy Planner|Cyber Security Analyst|Cyber Security Specialist|Cyber Security Support Technician|Cybersecurity All-Source Analyst|Cybersecurity Analyst|Cybersecurity Engineer|Cybersecurity Exploitation Analyst|Cybersecurity Incident Response Analyst|Cybersecurity Multi-Disciplined Language Analyst|Cybersecurity Partner Integration Planner|Cybersecurity Specialist|Cybersecurity Target Developer|Cybersecurity Target Network Analyst|Cybersecurity Threat Analyst|Cybersecurity Warning Analyst|Data Security Analyst|Database Security Expert|Exploitation Analyst|Incident Responder|Incident Response Analyst|Incident Response Manager|Industrial Internet of Things Security Specialist (IIoT Security Specialist)|Information Assurance Analyst|Information Security Analyst|Information Security Officer|Information Security Specialist|Information Systems Security Analyst|Information Systems Security Officer (ISSO)|Information Systems Security Specialist|Information Technology Analyst (IT Analyst)|Information Technology Consultant (IT Consultant)|Information Technology Security Analyst (IT Security Analyst)|Information Technology Security Architect (IT Security Architect)|International Affairs Specialist|Internet of Things Security Specialist (IoT Security Specialist)|Internet Security Specialist|Intrusion Detection Analyst|IT Auditor (Information Technology Auditor)|IT Risk Specialist (Information Technology Risk Specialist)|Mission Assessment Specialist|Network Security Analyst|Network Security Officer|Network Security Systems Analyst|Red Team Member|Security Analyst|Security Auditor|Security Consultant|Security Control Assessor|Security Operations Analyst|Security Operations Center Analyst (SOC Analyst)|Security Specialist|Source Code Auditor|Supervisory Control and Data Acquisition Security Analyst (SCADA Security Analyst)|Systems Analyst|Systems Security Analyst|Systems Security Specialist|Technology Analyst|Threat Hunter|Threat Monitoring Analyst|Virus Technician|Warning Analyst,IT,PENDING_REVIEW,
ONET,08/2023,15-1221.00,15-1221.00,Computer and Information Research Scientists,"Conduct research into fundamental computer and information science as theorists, designers, or inventors. Develop solutions to problems in the field of computer hardware and software.",AI Engineer (Artificial Intelligence Engineer)|Applied Scientist|Artificial Intelligence Specialist (AI Specialist)|Computational Linguist|Computational Scientist|Computational Theory Scientist|Computer Scientist|Computer Specialist|Computer Vision Scientist|Control System Computer Scientist|Cryptologist|Cybersecurity Research Scientist (Cyber Research Scientist)|Digital Solutions Manager|Information Scientist|Languages Researcher|Machine Learning Data Scientist|Machine Learning Engineer|Machine Learning Research Scientist|Machine Learning Scientist|Machine Learning Software Engineer|Multi-Disciplined Language Analyst|NLP Engineer (Natural Language Processing Engineer)|Programming Languages Researcher|Programming Methodology Researcher|Research and Development Specialist (R and D Specialist)|Research Computer Scientist|Research Engineer|Research Scientist|Scientific Programmer Analyst|Scientist|Site Reliability Engineer,IT,PENDING_REVIEW,
ONET,08/2023,15-1252.00,15-1252.00,Software Developers,"Research, design, and develop computer and network software or specialized utility programs. Analyze user needs and develop software solutions, applying principles and techniques of computer science, engineering, and mathematical analysis. Update software or enhance existing software capabilities. May work with computer hardware engineers to integrate hardware and software systems, and develop specifications and performance requirements. May maintain databases within an application area, working individually or coordinating database development as part of a team.",AI Specialist (Artificial Intelligence Specialist)|Application Analyst|Application Architect|Application Developer|Application Engineer|Application Integration Engineer|Application Integrator|Application Programmer|Application Software Engineering IT Specialist (Application Software Engineering Information Technology Specialist)|Application Support Engineer|Application Systems Analyst|Application Systems Architect|Beta Tester|Business Application Developer|Certified Internetwork Expert|Commercial Drone Software Developer|Computer Application Developer|Computer Application Engineer|Computer Architect|Computer Consultant|Computer Engineer|Computer Programmer Analyst|Computer Software Engineer|Computer Systems Software Architect|Computer Systems Software Engineer|Developer|DevOps Architect (Development and Operations Architect)|DevOps Developer (Development and Operations Developer)|DevOps Engineer (Development Operations Engineer)|Drone Software Development Engineer|EDP System Engineer (Electronic Data Processing System Engineer)|Embedded Engineer|Embedded Software Engineer|Embedded Systems Software Developer|Enterprise Systems Engineer|Extract Transform Load Developer|Full Stack Developer|Full Stack Engineer|Full Stack Software Engineer|Game Developer|Game Engineer|Graphic Engineer|Implementation Specialist|Information Architect|Infrastructure Engineer|Interface Designer|Internet Application Developer|Internet Consultant|Knowledge Management Application Developer|Mainframe Systems Programmer|Mobile Application Developer|Mobile Device Developer|Operating System Designer (OS Designer)|Operating System Specialist (OS Specialist)|Publishing Systems Analyst|Secure Software Assessor|Server Engineer|Simulation Developer|Site Reliability Engineer|SOA Developer (Service Oriented Architecture Developer)|Software Application Architect|Software Application Designer|Software Application Developer|Software Application Engineer|Software Application Specialist|Software Architect|Software Computer Specialist|Software Design Engineer|Software Designer|Software Developer|Software Development Engineer|Software Engineer|Software Engineering Systems IT Specialist (Software Engineering Systems Information Technology Specialist)|Software Quality Engineer (SQE)|Software Requirements Engineer (SRE)|Software Systems Developer|Software Systems Engineer|Software Writer|Solution Architect|Solution Engineer|Solutions Architect|Systems Analyst Engineer|Systems Coordinator|Systems Engineer|Systems Integration Engineer|Systems Software Designer|Systems Software Engineer|Systems Software Specialist|Systems Support Engineer|UI Designer (User Interface Designer)|Usability Engineer|Video Game Engineer|XML Developer (Extensible Markup Language Developer),IT,PENDING_REVIEW,
ONET,08/2023,15-1253.00,15-1253.00,Software Quality Assurance Analysts and Testers,"Develop and execute software tests to identify software problems and their causes. Test system modifications to prepare for implementation. Document software and application defects using a bug tracking system and report defects to software or web developers. Create and maintain databases of known defects. May participate in software design reviews to provide input on functional requirements, operational characteristics, product designs, and schedules.",Application Integrator|Applications Analyst|Applications Quality Assurance Specialist (Applications QA Specialist)|Applications Software Engineering Information Technology Specialist (Applications Software Engineering IT Specialist)|Applications System Analyst|Applications Tester|Automation Specialist|Automation Tester|Beta Tester|Bug Bounty Hunter|Computer Consultant|Data Modeler|Game Tester|Implementation Specialist|Information Technology Analyst (IT Analyst)|Information Technology Consultant (IT Consultant)|IT Performance Analyst (Information Technology Performance Analyst)|Malware Analyst|Performance Tester|Quality Analyst|Quality Assurance Analyst (QA Analyst)|Quality Assurance Automation Engineer (QA Automation Engineer)|Quality Assurance Engineer (QA Engineer)|Quality Assurance Specialist (QA Specialist)|Quality Assurance Tester (QA Tester)|Quality Engineer|Secure Software Assessor|Server Engineer|Software Application Quality Assurance Specialist (Software Application QA Specialist)|Software Application Support Specialist|Software Development Test Engineer|Software Installer|Software Quality Assurance Analyst (SQA Analyst)|Software Quality Assurance Consultant (Software QA Consultant)|Software Quality Assurance Engineer (SQA Engineer)|Software Quality Assurance Specialist (SQA Specialist)|Software Quality Assurance Technician (SQA Technician)|Software Quality Control Specialist (Software QC Specialist)|Software Quality Engineer|Software Quality Tester|Software Requirements Engineer|Software Systems Engineer|Software Test Analyst|Software Test Engineer|Software Tester|Software Testing Specialist|Solution Architect|Solutions Architect|System Testing and Evaluation Specialist|Systems Analyst|Systems Analyst Engineer|Systems Coordinator|Systems Integration Engineer|Systems Software Quality Assurance Specialist (Systems Software QA Specialist)|Systems Software Specialist|Systems Support Engineer|Systems Tester|Systems Tester Analyst|Technical Support Engineer|Technology Analyst|Test Automation Engineer|Test Engineer|Usability Engineer|User Experience Designer (UX Designer)|User Interface and User Experience Architect (UI/UX Architect)|User Interface and User Experience Designer (UI/UX Designer)|User Interface Designer (UI Designer)|Validation Engineer,IT,PENDING_REVIEW,
ONET,08/2023,15-1254.00,15-1254.00,Web Developers,"Develop and implement websites, web applications, application databases, and interactive web interfaces. Evaluate code to ensure that it is properly structured, meets industry standards, and is compatible with browsers and devices. Optimize website performance, scalability, and server-side code and processes. May develop website infrastructure and integrate websites with other computer applications.",Back End Developer|Back End Engineer|Back End Software Engineer|Back-End Web Developer|Computer Graphic Artist|Computer Graphic Designer|Front End Developer|Front End Engineer|Front End React Developer|Front End Software Engineer|Front End Web Developer|Full Stack Developer|Full Stack Web Developer|HTML Developer (HyperText Markup Language Developer)|Interface Designer|Internet Application Developer|Internet Architect|Internet Developer|Internet Site Designer|Internet Specialist|Intranet Developer|JavaScript Developer|jQuery Developer|Node.js Developer|PHP Developer (Personal Home Page Developer)|PHP Web Developer (Personal Home Page Web Developer)|PHP Website Developer|React.js Developer|Ruby on Rails Developer|Salesforce Developer|Tableau Developer|Technology Applications Engineer|UI Developer (User Interface Developer)|Web Application Developer|Web Applications Developer|Web Architect|Web Consultant|Web Content Developer|Web Design Specialist|Web Developer|Web Engineer|Web Infrastructure Developer|Web Page Developer|Web Producer|Web Programmer|Web Site Designer|Web Site Developer|Web Site Specialist|Web Software Engineer|Web Specialist|Web Technician|Webmaster|Webmaster Analyst|Website Manager|Websphere Administrator|WordPress Developer|XML Developer (Extensible Markup Language Developer),IT,PENDING_REVIEW,
ONET,08/2023,15-1299.09,15-1299.09,Information Technology Project Managers,"Plan, initiate, and manage information technology (IT) projects. Lead and guide the work of technical staff. Serve as liaison between business and technical aspects of projects. Plan project stages and assess business implications for each stage. Monitor progress to assure deadlines, standards, and cost targets are met.",Application Development Director|Application Manager|Cloud Product Director|Computer Project Manager|Cyber IT Knowledge Manager|Cybersecurity Project Manager|Cybersecurity Scrum Master|Data Center Product Director|Database Administration Project Manager|Database Development Project Manager|E-Business Project Manager|Information Support Project Manager|Information Systems Planner (IS Planner)|Information Systems Project Manager (IS Project Manager)|Infrastructure Project Manager|Interactive Media Project Manager|Internet Project Manager|IT Manager (Information Technology Manager)|IT Program Manager (Information Technology Program Manager)|IT Project Manager (Information Technology Project Manager)|IT Supervisor (Information Technology Supervisor)|Network Operations Project Manager|Network Services Project Manager|Planning Management IT Specialist (Planning Management Information Technology Specialist)|Programming Development Project Manager|Project Management IT Specialist (Project Management Information Technology Specialist)|Project Manager (PM)|Release Manager|Scrum Master|Software Development Project Manager|Software Project Manager|Systems Development Manager|Technical Manager|Technical Project Manager|Technology Manager|Technology Project Manager|Transition Program Manager|Web Site Project Manager|Website Project Manager,IT,PENDING_REVIEW,
ONET,08/2023,15-2051.00,15-2051.00,Data Scientists,"Develop and implement a set of techniques or analytics applications to transform raw data into meaningful information using data-oriented programming languages and visualization software. Apply data mining, data modeling, natural language processing, and machine learning to extract and analyze information from large structured and unstructured datasets. Visualize, interpret, and report data findings. May create dynamic data reports.",Analytics Consultant|Applied Scientist|Data Analyst|Data Analytic Scientist|Data Analytics Scientist|Data Analytics Specialist|Data Architect|Data Consultant|Data Economist|Data Engineer|Data Management Scientist|Data Mining Analyst|Data Modeler|Data Quality Analyst|Data Science Engineer|Data Science Intern|Data Specialist|Machine Learning Data Scientist|Machine Learning Engineer|Machine Learning Scientist|Machine Learning Software Engineer|Marketing Data Scientist|Psychometric Consultant|Quantitative Methodologist|Quantitative Researcher|Research Analyst|Research Scientist|Statistical Analyst|Statistical Consultant,IT,PENDING_REVIEW,
ONET,08/2023,43-4161.00,43-4161.00,"Human Resources Assistants, Except Payroll and Timekeeping","Compile and keep personnel records. Record data for each employee, such as address, weekly earnings, absences, amount of sales or production, supervisory reports, and date of and reason for termination. May prepare reports for employment records, file employment records, or search employee files and furnish information to authorized persons.",Assignment Clerk|Benefits Clerk|Benefits Coordinator|Benefits Technician|Civil Service Clerk|Civil Service Worker|Contract Clerk|Employment Assistant|Employment Clerk|Enrollment Specialist|Human Resources Administrative Assistant (HR Administrative Assistant)|Human Resources Assistant (HR Assistant)|Human Resources Associate (HR Associate)|Human Resources Clerk (HR Clerk)|Human Resources Team Member|Identification Clerk|Onboarding Coordinator|Personnel Associate|Personnel Clerk|Personnel Officer|Recruiting Coordinator|Resource Coordinator|Staffing Assistant|Temporary Help Agency Referral Clerk|Time Study Clerk,HR,PENDING_REVIEW,
