source,source_version,source_id,preferred_name,description,skill_type,suggested_domain_code,associated_role_ids,associated_role_names,review_status,review_notes
ONET,08/2023,2.A.1.a,Reading Comprehension,Understanding written sentences and paragraphs in work-related documents.,Skill (Essential),,11-2021.00|11-3031.00|11-3111.00|11-3121.00|13-1071.00|13-1111.00|13-1141.00|15-1212.00|15-1221.00|15-1252.00|15-1253.00|15-1254.00|15-1299.09|43-4161.00,"Marketing Managers|Financial Managers|Compensation and Benefits Managers|Human Resources Managers|Human Resources Specialists|Management Analysts|Compensation, Benefits, and Job Analysis Specialists|Information Security Analysts|Computer and Information Research Scientists|Software Developers|Software Quality Assurance Analysts and Testers|Web Developers|Information Technology Project Managers|Human Resources Assistants, Except Payroll and Timekeeping",PENDING_REVIEW,
ONET,08/2023,2.A.1.b,Active Listening,"Giving full attention to what other people are saying, taking time to understand the points being made, asking questions as appropriate, and not interrupting at inappropriate times.",Skill (Essential),,11-2021.00|11-3031.00|11-3111.00|11-3121.00|13-1071.00|13-1111.00|13-1141.00|15-1212.00|15-1221.00|15-1252.00|15-1253.00|15-1254.00|15-1299.09|43-4161.00,"Marketing Managers|Financial Managers|Compensation and Benefits Managers|Human Resources Managers|Human Resources Specialists|Management Analysts|Compensation, Benefits, and Job Analysis Specialists|Information Security Analysts|Computer and Information Research Scientists|Software Developers|Software Quality Assurance Analysts and Testers|Web Developers|Information Technology Project Managers|Human Resources Assistants, Except Payroll and Timekeeping",PENDING_REVIEW,
ONET,08/2023,2.A.1.c,Writing,Communicating effectively in writing as appropriate for the needs of the audience.,Skill (Essential),,11-2021.00|11-3031.00|11-3111.00|11-3121.00|13-1071.00|13-1111.00|13-1141.00|15-1212.00|15-1221.00|15-1252.00|15-1253.00|15-1254.00|15-1299.09|43-4161.00,"Marketing Managers|Financial Managers|Compensation and Benefits Managers|Human Resources Managers|Human Resources Specialists|Management Analysts|Compensation, Benefits, and Job Analysis Specialists|Information Security Analysts|Computer and Information Research Scientists|Software Developers|Software Quality Assurance Analysts and Testers|Web Developers|Information Technology Project Managers|Human Resources Assistants, Except Payroll and Timekeeping",PENDING_REVIEW,
ONET,08/2023,2.A.1.d,Speaking,Talking to others to convey information effectively.,Skill (Essential),,11-2021.00|11-3031.00|11-3111.00|11-3121.00|13-1071.00|13-1111.00|13-1141.00|15-1212.00|15-1221.00|15-1252.00|15-1253.00|15-1254.00|15-1299.09|43-4161.00,"Marketing Managers|Financial Managers|Compensation and Benefits Managers|Human Resources Managers|Human Resources Specialists|Management Analysts|Compensation, Benefits, and Job Analysis Specialists|Information Security Analysts|Computer and Information Research Scientists|Software Developers|Software Quality Assurance Analysts and Testers|Web Developers|Information Technology Project Managers|Human Resources Assistants, Except Payroll and Timekeeping",PENDING_REVIEW,
ONET,08/2023,2.A.1.e,Mathematics,Using mathematics to solve problems.,Skill (Essential),,11-3031.00|11-3111.00|11-3121.00|13-1111.00|13-1141.00|15-1221.00,"Financial Managers|Compensation and Benefits Managers|Human Resources Managers|Management Analysts|Compensation, Benefits, and Job Analysis Specialists|Computer and Information Research Scientists",PENDING_REVIEW,
ONET,08/2023,2.A.1.f,Science,Using scientific rules and methods to solve problems.,Skill (Essential),IT,15-1221.00,Computer and Information Research Scientists,PENDING_REVIEW,
ONET,08/2023,2.A.2.a,Critical Thinking,"Using logic and reasoning to identify the strengths and weaknesses of alternative solutions, conclusions, or approaches to problems.",Skill (Essential),,11-2021.00|11-3031.00|11-3111.00|11-3121.00|13-1071.00|13-1111.00|13-1141.00|15-1212.00|15-1221.00|15-1252.00|15-1253.00|15-1254.00|15-1299.09|43-4161.00,"Marketing Managers|Financial Managers|Compensation and Benefits Managers|Human Resources Managers|Human Resources Specialists|Management Analysts|Compensation, Benefits, and Job Analysis Specialists|Information Security Analysts|Computer and Information Research Scientists|Software Developers|Software Quality Assurance Analysts and Testers|Web Developers|Information Technology Project Managers|Human Resources Assistants, Except Payroll and Timekeeping",PENDING_REVIEW,
ONET,08/2023,2.A.2.b,Active Learning,Understanding the implications of new information for both current and future problem-solving and decision-making.,Skill (Essential),,11-2021.00|11-3031.00|11-3111.00|11-3121.00|13-1071.00|13-1111.00|13-1141.00|15-1212.00|15-1221.00|15-1252.00|15-1253.00|15-1254.00|15-1299.09|43-4161.00,"Marketing Managers|Financial Managers|Compensation and Benefits Managers|Human Resources Managers|Human Resources Specialists|Management Analysts|Compensation, Benefits, and Job Analysis Specialists|Information Security Analysts|Computer and Information Research Scientists|Software Developers|Software Quality Assurance Analysts and Testers|Web Developers|Information Technology Project Managers|Human Resources Assistants, Except Payroll and Timekeeping",PENDING_REVIEW,
ONET,08/2023,2.A.2.c,Learning Strategies,Selecting and using training/instructional methods and procedures appropriate for the situation when learning or teaching new things.,Skill (Essential),,11-2021.00|11-3031.00|11-3111.00|11-3121.00|13-1071.00|13-1111.00|15-1221.00|15-1299.09,Marketing Managers|Financial Managers|Compensation and Benefits Managers|Human Resources Managers|Human Resources Specialists|Management Analysts|Computer and Information Research Scientists|Information Technology Project Managers,PENDING_REVIEW,
ONET,08/2023,2.A.2.d,Monitoring,"Monitoring/Assessing performance of yourself, other individuals, or organizations to make improvements or take corrective action.",Skill (Essential),,11-2021.00|11-3031.00|11-3111.00|11-3121.00|13-1071.00|13-1111.00|13-1141.00|15-1212.00|15-1221.00|15-1252.00|15-1253.00|15-1254.00|15-1299.09|43-4161.00,"Marketing Managers|Financial Managers|Compensation and Benefits Managers|Human Resources Managers|Human Resources Specialists|Management Analysts|Compensation, Benefits, and Job Analysis Specialists|Information Security Analysts|Computer and Information Research Scientists|Software Developers|Software Quality Assurance Analysts and Testers|Web Developers|Information Technology Project Managers|Human Resources Assistants, Except Payroll and Timekeeping",PENDING_REVIEW,
ONET,08/2023,2.B.1.a,Social Perceptiveness,Being aware of others' reactions and understanding why they react as they do.,Skill (Transferable),,11-2021.00|11-2032.00|11-3031.00|11-3111.00|11-3121.00|13-1071.00|13-1111.00|13-1141.00|15-1221.00|15-1299.09|43-4161.00,"Marketing Managers|Public Relations Managers|Financial Managers|Compensation and Benefits Managers|Human Resources Managers|Human Resources Specialists|Management Analysts|Compensation, Benefits, and Job Analysis Specialists|Computer and Information Research Scientists|Information Technology Project Managers|Human Resources Assistants, Except Payroll and Timekeeping",PENDING_REVIEW,
ONET,08/2023,2.B.1.b,Coordination,Adjusting actions in relation to others' actions.,Skill (Transferable),,11-2021.00|11-2032.00|11-3031.00|11-3111.00|11-3121.00|13-1071.00|13-1111.00|13-1141.00|15-1212.00|15-1221.00|15-1252.00|15-1253.00|15-1254.00|15-1299.09|43-4161.00,"Marketing Managers|Public Relations Managers|Financial Managers|Compensation and Benefits Managers|Human Resources Managers|Human Resources Specialists|Management Analysts|Compensation, Benefits, and Job Analysis Specialists|Information Security Analysts|Computer and Information Research Scientists|Software Developers|Software Quality Assurance Analysts and Testers|Web Developers|Information Technology Project Managers|Human Resources Assistants, Except Payroll and Timekeeping",PENDING_REVIEW,
ONET,08/2023,2.B.1.c,Persuasion,Persuading others to change their minds or behavior.,Skill (Transferable),,11-2021.00|11-2032.00|11-3031.00|11-3111.00|11-3121.00|13-1111.00|13-1141.00|15-1299.09,"Marketing Managers|Public Relations Managers|Financial Managers|Compensation and Benefits Managers|Human Resources Managers|Management Analysts|Compensation, Benefits, and Job Analysis Specialists|Information Technology Project Managers",PENDING_REVIEW,
ONET,08/2023,2.B.1.d,Negotiation,Bringing others together and trying to reconcile differences.,Skill (Transferable),,11-2021.00|11-2032.00|11-3031.00|11-3111.00|11-3121.00|13-1071.00|13-1111.00|13-1141.00|15-1299.09,"Marketing Managers|Public Relations Managers|Financial Managers|Compensation and Benefits Managers|Human Resources Managers|Human Resources Specialists|Management Analysts|Compensation, Benefits, and Job Analysis Specialists|Information Technology Project Managers",PENDING_REVIEW,
ONET,08/2023,2.B.1.e,Instructing,Teaching others how to do something.,Skill (Transferable),,11-2021.00|11-2032.00|11-3111.00|11-3121.00|13-1071.00|13-1111.00|15-1221.00|15-1299.09,Marketing Managers|Public Relations Managers|Compensation and Benefits Managers|Human Resources Managers|Human Resources Specialists|Management Analysts|Computer and Information Research Scientists|Information Technology Project Managers,PENDING_REVIEW,
ONET,08/2023,2.B.1.f,Service Orientation,Actively looking for ways to help people.,Skill (Transferable),,11-2021.00|11-2032.00|11-3031.00|11-3111.00|11-3121.00|13-1071.00|13-1111.00|13-1141.00|15-1299.09|43-4161.00,"Marketing Managers|Public Relations Managers|Financial Managers|Compensation and Benefits Managers|Human Resources Managers|Human Resources Specialists|Management Analysts|Compensation, Benefits, and Job Analysis Specialists|Information Technology Project Managers|Human Resources Assistants, Except Payroll and Timekeeping",PENDING_REVIEW,
ONET,08/2023,2.B.2.i,Complex Problem Solving,Identifying complex problems and reviewing related information to develop and evaluate options and implement solutions.,Skill (Transferable),,11-2021.00|11-2032.00|11-3031.00|11-3111.00|11-3121.00|13-1071.00|13-1111.00|13-1141.00|15-1212.00|15-1221.00|15-1252.00|15-1253.00|15-1254.00|15-1299.09|15-2051.00|43-4161.00,"Marketing Managers|Public Relations Managers|Financial Managers|Compensation and Benefits Managers|Human Resources Managers|Human Resources Specialists|Management Analysts|Compensation, Benefits, and Job Analysis Specialists|Information Security Analysts|Computer and Information Research Scientists|Software Developers|Software Quality Assurance Analysts and Testers|Web Developers|Information Technology Project Managers|Data Scientists|Human Resources Assistants, Except Payroll and Timekeeping",PENDING_REVIEW,
ONET,08/2023,2.B.3.a,Operations Analysis,Analyzing needs and product requirements to create a design.,Skill (Transferable),"BUSINESS,IT",11-2021.00|13-1111.00|15-1221.00|15-1252.00|15-1253.00|15-1254.00,Marketing Managers|Management Analysts|Computer and Information Research Scientists|Software Developers|Software Quality Assurance Analysts and Testers|Web Developers,PENDING_REVIEW,
ONET,08/2023,2.B.3.b,Technology Design,Generating or adapting equipment and technology to serve user needs.,Skill (Transferable),IT,15-1221.00|15-1252.00,Computer and Information Research Scientists|Software Developers,PENDING_REVIEW,
ONET,08/2023,2.B.3.e,Programming,Writing computer programs for various purposes.,Skill (Transferable),IT,15-1221.00|15-1252.00|15-1253.00|15-1254.00|15-2051.00,Computer and Information Research Scientists|Software Developers|Software Quality Assurance Analysts and Testers|Web Developers|Data Scientists,PENDING_REVIEW,
ONET,08/2023,2.B.3.g,Operations Monitoring,"Watching gauges, dials, or other indicators to make sure a machine is working properly.",Skill (Transferable),IT,15-1212.00|15-1253.00,Information Security Analysts|Software Quality Assurance Analysts and Testers,PENDING_REVIEW,
ONET,08/2023,2.B.3.m,Quality Control Analysis,"Conducting tests and inspections of products, services, or processes to evaluate quality or performance.",Skill (Transferable),IT,15-1212.00|15-1253.00,Information Security Analysts|Software Quality Assurance Analysts and Testers,PENDING_REVIEW,
ONET,08/2023,2.B.4.e,Judgment and Decision Making,Considering the relative costs and benefits of potential actions to choose the most appropriate one.,Skill (Transferable),,11-2021.00|11-2032.00|11-3031.00|11-3111.00|11-3121.00|13-1071.00|13-1111.00|13-1141.00|15-1212.00|15-1221.00|15-1252.00|15-1253.00|15-1254.00|15-1299.09|15-2051.00|43-4161.00,"Marketing Managers|Public Relations Managers|Financial Managers|Compensation and Benefits Managers|Human Resources Managers|Human Resources Specialists|Management Analysts|Compensation, Benefits, and Job Analysis Specialists|Information Security Analysts|Computer and Information Research Scientists|Software Developers|Software Quality Assurance Analysts and Testers|Web Developers|Information Technology Project Managers|Data Scientists|Human Resources Assistants, Except Payroll and Timekeeping",PENDING_REVIEW,
ONET,08/2023,2.B.4.g,Systems Analysis,"Determining how a system should work and how changes in conditions, operations, and the environment will affect outcomes.",Skill (Transferable),,11-2021.00|11-2032.00|11-3031.00|11-3111.00|11-3121.00|13-1111.00|13-1141.00|15-1212.00|15-1221.00|15-1252.00|15-1253.00|15-1254.00|15-1299.09,"Marketing Managers|Public Relations Managers|Financial Managers|Compensation and Benefits Managers|Human Resources Managers|Management Analysts|Compensation, Benefits, and Job Analysis Specialists|Information Security Analysts|Computer and Information Research Scientists|Software Developers|Software Quality Assurance Analysts and Testers|Web Developers|Information Technology Project Managers",PENDING_REVIEW,
ONET,08/2023,2.B.4.h,Systems Evaluation,"Identifying measures or indicators of system performance and the actions needed to improve or correct performance, relative to the goals of the system.",Skill (Transferable),,11-2021.00|11-2032.00|11-3031.00|11-3111.00|11-3121.00|13-1111.00|13-1141.00|15-1212.00|15-1221.00|15-1252.00|15-1253.00|15-1254.00|15-1299.09,"Marketing Managers|Public Relations Managers|Financial Managers|Compensation and Benefits Managers|Human Resources Managers|Management Analysts|Compensation, Benefits, and Job Analysis Specialists|Information Security Analysts|Computer and Information Research Scientists|Software Developers|Software Quality Assurance Analysts and Testers|Web Developers|Information Technology Project Managers",PENDING_REVIEW,
ONET,08/2023,2.B.5.a,Time Management,Managing one's own time and the time of others.,Skill (Transferable),,11-2021.00|11-2032.00|11-3031.00|11-3111.00|11-3121.00|13-1071.00|13-1111.00|13-1141.00|15-1212.00|15-1221.00|15-1252.00|15-1253.00|15-1254.00|15-1299.09|15-2051.00|43-4161.00,"Marketing Managers|Public Relations Managers|Financial Managers|Compensation and Benefits Managers|Human Resources Managers|Human Resources Specialists|Management Analysts|Compensation, Benefits, and Job Analysis Specialists|Information Security Analysts|Computer and Information Research Scientists|Software Developers|Software Quality Assurance Analysts and Testers|Web Developers|Information Technology Project Managers|Data Scientists|Human Resources Assistants, Except Payroll and Timekeeping",PENDING_REVIEW,
ONET,08/2023,2.B.5.b,Management of Financial Resources,"Determining how money will be spent to get the work done, and accounting for these expenditures.",Skill (Transferable),,11-3031.00|11-3111.00|11-3121.00|15-1299.09,Financial Managers|Compensation and Benefits Managers|Human Resources Managers|Information Technology Project Managers,PENDING_REVIEW,
ONET,08/2023,2.B.5.c,Management of Material Resources,"Obtaining and seeing to the appropriate use of equipment, facilities, and materials needed to do certain work.",Skill (Transferable),IT,15-1299.09,Information Technology Project Managers,PENDING_REVIEW,
ONET,08/2023,2.B.5.d,Management of Personnel Resources,"Motivating, developing, and directing people as they work, identifying the best people for the job.",Skill (Transferable),,11-2021.00|11-2032.00|11-3031.00|11-3111.00|11-3121.00|13-1111.00|15-1299.09,Marketing Managers|Public Relations Managers|Financial Managers|Compensation and Benefits Managers|Human Resources Managers|Management Analysts|Information Technology Project Managers,PENDING_REVIEW,
ONET,08/2023,2.C.1.a,Administration and Management,"Knowledge of business and management principles involved in strategic planning, resource allocation, human resources modeling, leadership technique, production methods, and coordination of people and resources.",Knowledge,,11-2021.00|11-2032.00|11-3031.00|11-3111.00|11-3121.00|13-1071.00|13-1111.00|13-1141.00|15-1212.00|15-1221.00|15-1299.09|43-4161.00,"Marketing Managers|Public Relations Managers|Financial Managers|Compensation and Benefits Managers|Human Resources Managers|Human Resources Specialists|Management Analysts|Compensation, Benefits, and Job Analysis Specialists|Information Security Analysts|Computer and Information Research Scientists|Information Technology Project Managers|Human Resources Assistants, Except Payroll and Timekeeping",PENDING_REVIEW,
ONET,08/2023,2.C.1.b,Administrative,"Knowledge of administrative and office procedures and systems such as word processing, managing files and records, stenography and transcription, designing forms, and workplace terminology.",Knowledge,,11-2021.00|11-2032.00|11-3031.00|11-3111.00|13-1071.00|13-1141.00|15-1299.09|43-4161.00,"Marketing Managers|Public Relations Managers|Financial Managers|Compensation and Benefits Managers|Human Resources Specialists|Compensation, Benefits, and Job Analysis Specialists|Information Technology Project Managers|Human Resources Assistants, Except Payroll and Timekeeping",PENDING_REVIEW,
ONET,08/2023,2.C.1.c,Economics and Accounting,"Knowledge of economic and accounting principles and practices, the financial markets, banking, and the analysis and reporting of financial data.",Knowledge,,11-3031.00|11-3111.00|13-1111.00|13-1141.00|15-1299.09,"Financial Managers|Compensation and Benefits Managers|Management Analysts|Compensation, Benefits, and Job Analysis Specialists|Information Technology Project Managers",PENDING_REVIEW,
ONET,08/2023,2.C.1.d,Sales and Marketing,"Knowledge of principles and methods for showing, promoting, and selling products or services. This includes marketing strategy and tactics, product demonstration, sales techniques, and sales control systems.",Knowledge,BUSINESS,11-2021.00|11-2032.00|11-3031.00|13-1111.00,Marketing Managers|Public Relations Managers|Financial Managers|Management Analysts,PENDING_REVIEW,
ONET,08/2023,2.C.1.e,Customer and Personal Service,"Knowledge of principles and processes for providing customer and personal services. This includes customer needs assessment, meeting quality standards for services, and evaluation of customer satisfaction.",Knowledge,,11-2021.00|11-2032.00|11-3031.00|11-3111.00|11-3121.00|13-1071.00|13-1111.00|13-1141.00|15-1212.00|15-1252.00|15-1299.09|43-4161.00,"Marketing Managers|Public Relations Managers|Financial Managers|Compensation and Benefits Managers|Human Resources Managers|Human Resources Specialists|Management Analysts|Compensation, Benefits, and Job Analysis Specialists|Information Security Analysts|Software Developers|Information Technology Project Managers|Human Resources Assistants, Except Payroll and Timekeeping",PENDING_REVIEW,
ONET,08/2023,2.C.1.f,Personnel and Human Resources,"Knowledge of principles and procedures for personnel recruitment, selection, training, compensation and benefits, labor relations and negotiation, and personnel information systems.",Knowledge,,11-2021.00|11-3031.00|11-3111.00|11-3121.00|13-1071.00|13-1111.00|13-1141.00|15-1299.09|43-4161.00,"Marketing Managers|Financial Managers|Compensation and Benefits Managers|Human Resources Managers|Human Resources Specialists|Management Analysts|Compensation, Benefits, and Job Analysis Specialists|Information Technology Project Managers|Human Resources Assistants, Except Payroll and Timekeeping",PENDING_REVIEW,
ONET,08/2023,2.C.3.a,Computers and Electronics,"Knowledge of circuit boards, processors, chips, electronic equipment, and computer hardware and software, including applications and programming.",Knowledge,,11-3031.00|11-3121.00|13-1111.00|13-1141.00|15-1212.00|15-1221.00|15-1252.00|15-1253.00|15-1254.00|15-1299.09|15-2051.00,"Financial Managers|Human Resources Managers|Management Analysts|Compensation, Benefits, and Job Analysis Specialists|Information Security Analysts|Computer and Information Research Scientists|Software Developers|Software Quality Assurance Analysts and Testers|Web Developers|Information Technology Project Managers|Data Scientists",PENDING_REVIEW,
ONET,08/2023,2.C.3.b,Engineering and Technology,"Knowledge of the practical application of engineering science and technology. This includes applying principles, techniques, procedures, and equipment to the design and production of various goods and services.",Knowledge,IT,15-1212.00|15-1221.00|15-1253.00|15-1299.09,Information Security Analysts|Computer and Information Research Scientists|Software Quality Assurance Analysts and Testers|Information Technology Project Managers,PENDING_REVIEW,
ONET,08/2023,2.C.3.c,Design,"Knowledge of design techniques, tools, and principles involved in production of precision technical plans, blueprints, drawings, and models.",Knowledge,IT,15-1221.00|15-1253.00,Computer and Information Research Scientists|Software Quality Assurance Analysts and Testers,PENDING_REVIEW,
ONET,08/2023,2.C.4.a,Mathematics,"Knowledge of arithmetic, algebra, geometry, calculus, statistics, and their applications.",Knowledge,,11-3031.00|11-3111.00|11-3121.00|13-1111.00|13-1141.00|15-1221.00|15-1252.00|15-1253.00|15-1254.00|15-1299.09|15-2051.00,"Financial Managers|Compensation and Benefits Managers|Human Resources Managers|Management Analysts|Compensation, Benefits, and Job Analysis Specialists|Computer and Information Research Scientists|Software Developers|Software Quality Assurance Analysts and Testers|Web Developers|Information Technology Project Managers|Data Scientists",PENDING_REVIEW,
ONET,08/2023,2.C.4.e,Psychology,"Knowledge of human behavior and performance; individual differences in ability, personality, and interests; learning and motivation; psychological research methods; and the assessment and treatment of behavioral and affective disorders.",Knowledge,"BUSINESS,HR",11-3121.00|13-1111.00,Human Resources Managers|Management Analysts,PENDING_REVIEW,
ONET,08/2023,2.C.4.f,Sociology and Anthropology,"Knowledge of group behavior and dynamics, societal trends and influences, human migrations, ethnicity, cultures, and their history and origins.",Knowledge,BUSINESS,11-2032.00|13-1111.00,Public Relations Managers|Management Analysts,PENDING_REVIEW,
ONET,08/2023,2.C.6,Education and Training,"Knowledge of principles and methods for curriculum and training design, teaching and instruction for individuals and groups, and the measurement of training effects.",Knowledge,,11-2021.00|11-3031.00|11-3121.00|13-1071.00|13-1111.00|15-1212.00,Marketing Managers|Financial Managers|Human Resources Managers|Human Resources Specialists|Management Analysts|Information Security Analysts,PENDING_REVIEW,
ONET,08/2023,2.C.7.a,English Language,"Knowledge of the structure and content of the English language including the meaning and spelling of words, and rules of composition and grammar.",Knowledge,,11-2021.00|11-2032.00|11-3031.00|11-3111.00|11-3121.00|13-1071.00|13-1111.00|13-1141.00|15-1212.00|15-1221.00|15-1252.00|15-1253.00|15-1254.00|15-1299.09|15-2051.00|43-4161.00,"Marketing Managers|Public Relations Managers|Financial Managers|Compensation and Benefits Managers|Human Resources Managers|Human Resources Specialists|Management Analysts|Compensation, Benefits, and Job Analysis Specialists|Information Security Analysts|Computer and Information Research Scientists|Software Developers|Software Quality Assurance Analysts and Testers|Web Developers|Information Technology Project Managers|Data Scientists|Human Resources Assistants, Except Payroll and Timekeeping",PENDING_REVIEW,
ONET,08/2023,2.C.8.a,Public Safety and Security,"Knowledge of relevant equipment, policies, procedures, and strategies to promote effective local, state, or national security operations for the protection of people, data, property, and institutions.",Knowledge,"HR,IT",11-3121.00|15-1212.00,Human Resources Managers|Information Security Analysts,PENDING_REVIEW,
ONET,08/2023,2.C.8.b,Law and Government,"Knowledge of laws, legal codes, court procedures, precedents, government regulations, executive orders, agency rules, and the democratic political process.",Knowledge,"BUSINESS,HR",11-2032.00|11-3031.00|11-3111.00|11-3121.00|13-1071.00|13-1111.00|13-1141.00,"Public Relations Managers|Financial Managers|Compensation and Benefits Managers|Human Resources Managers|Human Resources Specialists|Management Analysts|Compensation, Benefits, and Job Analysis Specialists",PENDING_REVIEW,
ONET,08/2023,2.C.9.a,Telecommunications,"Knowledge of transmission, broadcasting, switching, control, and operation of telecommunications systems.",Knowledge,IT,15-1212.00|15-1221.00|15-1299.09,Information Security Analysts|Computer and Information Research Scientists|Information Technology Project Managers,PENDING_REVIEW,
ONET,08/2023,2.C.9.b,Communications and Media,"Knowledge of media production, communication, and dissemination techniques and methods. This includes alternative ways to inform and entertain via written, oral, and visual media.",Knowledge,,11-2021.00|11-2032.00|11-3121.00|13-1111.00|15-1254.00|15-1299.09,Marketing Managers|Public Relations Managers|Human Resources Managers|Management Analysts|Web Developers|Information Technology Project Managers,PENDING_REVIEW,
