onet_soc_code,element_id,scale_id,data_value
11-2021.00,2.A.1.a,IM,3.88
11-2021.00,2.A.1.a,LV,4.25
11-2021.00,2.A.1.b,IM,3.88
11-2021.00,2.A.1.b,LV,4.12
11-2021.00,2.A.1.c,IM,3.25
11-2021.00,2.A.1.c,LV,3.88
11-2021.00,2.A.1.d,IM,3.88
11-2021.00,2.A.1.d,LV,4.12
11-2021.00,2.A.1.e,IM,2.75
11-2021.00,2.A.1.e,LV,3.12
11-2021.00,2.A.1.f,IM,1.75
11-2021.00,2.A.1.f,LV,1.5
11-2021.00,2.A.2.a,IM,3.88
11-2021.00,2.A.2.a,LV,4.25
11-2021.00,2.A.2.b,IM,3.88
11-2021.00,2.A.2.b,LV,4.12
11-2021.00,2.A.2.c,IM,3.12
11-2021.00,2.A.2.c,LV,3.5
11-2021.00,2.A.2.d,IM,3.75
11-2021.00,2.A.2.d,LV,4.25
11-3031.00,2.A.1.a,IM,4
11-3031.00,2.A.1.a,LV,4.38
11-3031.00,2.A.1.b,IM,4
11-3031.00,2.A.1.b,LV,4.38
11-3031.00,2.A.1.c,IM,3.75
11-3031.00,2.A.1.c,LV,3.62
11-3031.00,2.A.1.d,IM,4
11-3031.00,2.A.1.d,LV,4.12
11-3031.00,2.A.1.e,IM,3.5
11-3031.00,2.A.1.e,LV,3.62
11-3031.00,2.A.1.f,IM,1.25
11-3031.00,2.A.1.f,LV,0.25
11-3031.00,2.A.2.a,IM,4
11-3031.00,2.A.2.a,LV,4.25
11-3031.00,2.A.2.b,IM,3.5
11-3031.00,2.A.2.b,LV,4
11-3031.00,2.A.2.c,IM,3
11-3031.00,2.A.2.c,LV,3.38
11-3031.00,2.A.2.d,IM,3.75
11-3031.00,2.A.2.d,LV,4.12
11-3111.00,2.A.1.a,IM,4
11-3111.00,2.A.1.a,LV,4.12
11-3111.00,2.A.1.b,IM,4
11-3111.00,2.A.1.b,LV,4.12
11-3111.00,2.A.1.c,IM,4
11-3111.00,2.A.1.c,LV,4.12
11-3111.00,2.A.1.d,IM,4
11-3111.00,2.A.1.d,LV,4.12
11-3111.00,2.A.1.e,IM,3
11-3111.00,2.A.1.e,LV,3.12
11-3111.00,2.A.1.f,IM,1
11-3111.00,2.A.1.f,LV,0
11-3111.00,2.A.2.a,IM,3.88
11-3111.00,2.A.2.a,LV,4
11-3111.00,2.A.2.b,IM,3.75
11-3111.00,2.A.2.b,LV,4
11-3111.00,2.A.2.c,IM,3
11-3111.00,2.A.2.c,LV,3.12
11-3111.00,2.A.2.d,IM,3.38
11-3111.00,2.A.2.d,LV,3.62
11-3121.00,2.A.1.a,IM,4.25
11-3121.00,2.A.1.a,LV,4.38
11-3121.00,2.A.1.b,IM,4.38
11-3121.00,2.A.1.b,LV,4.12
11-3121.00,2.A.1.c,IM,4.12
11-3121.00,2.A.1.c,LV,4
11-3121.00,2.A.1.d,IM,4.25
11-3121.00,2.A.1.d,LV,4.12
11-3121.00,2.A.1.e,IM,3
11-3121.00,2.A.1.e,LV,3
11-3121.00,2.A.1.f,IM,1.5
11-3121.00,2.A.1.f,LV,0.5
11-3121.00,2.A.2.a,IM,4
11-3121.00,2.A.2.a,LV,4.25
11-3121.00,2.A.2.b,IM,4
11-3121.00,2.A.2.b,LV,4.12
11-3121.00,2.A.2.c,IM,3.75
11-3121.00,2.A.2.c,LV,3.88
11-3121.00,2.A.2.d,IM,4
11-3121.00,2.A.2.d,LV,4.12
13-1071.00,2.A.1.a,IM,4
13-1071.00,2.A.1.a,LV,4
13-1071.00,2.A.1.b,IM,4
13-1071.00,2.A.1.b,LV,4
13-1071.00,2.A.1.c,IM,3.88
13-1071.00,2.A.1.c,LV,4
13-1071.00,2.A.1.d,IM,4.12
13-1071.00,2.A.1.d,LV,4
13-1071.00,2.A.1.e,IM,2
13-1071.00,2.A.1.e,LV,2
13-1071.00,2.A.1.f,IM,1.12
13-1071.00,2.A.1.f,LV,0.12
13-1071.00,2.A.2.a,IM,3.88
13-1071.00,2.A.2.a,LV,4
13-1071.00,2.A.2.b,IM,3.25
13-1071.00,2.A.2.b,LV,3.38
13-1071.00,2.A.2.c,IM,3
13-1071.00,2.A.2.c,LV,3.25
13-1071.00,2.A.2.d,IM,3
13-1071.00,2.A.2.d,LV,3.75
13-1111.00,2.A.1.a,IM,4.12
13-1111.00,2.A.1.a,LV,4.12
13-1111.00,2.A.1.b,IM,4.12
13-1111.00,2.A.1.b,LV,4.12
13-1111.00,2.A.1.c,IM,4
13-1111.00,2.A.1.c,LV,4
13-1111.00,2.A.1.d,IM,4
13-1111.00,2.A.1.d,LV,4
13-1111.00,2.A.1.e,IM,3
13-1111.00,2.A.1.e,LV,3.25
13-1111.00,2.A.1.f,IM,1.88
13-1111.00,2.A.1.f,LV,1.75
13-1111.00,2.A.2.a,IM,4.12
13-1111.00,2.A.2.a,LV,4.12
13-1111.00,2.A.2.b,IM,3.25
13-1111.00,2.A.2.b,LV,3.88
13-1111.00,2.A.2.c,IM,3
13-1111.00,2.A.2.c,LV,3.75
13-1111.00,2.A.2.d,IM,3.88
13-1111.00,2.A.2.d,LV,4.12
13-1141.00,2.A.1.a,IM,3.88
13-1141.00,2.A.1.a,LV,4
13-1141.00,2.A.1.b,IM,3.88
13-1141.00,2.A.1.b,LV,4
13-1141.00,2.A.1.c,IM,3.38
13-1141.00,2.A.1.c,LV,3.88
13-1141.00,2.A.1.d,IM,3.88
13-1141.00,2.A.1.d,LV,4
13-1141.00,2.A.1.e,IM,3.12
13-1141.00,2.A.1.e,LV,3.12
13-1141.00,2.A.1.f,IM,1.88
13-1141.00,2.A.1.f,LV,1.38
13-1141.00,2.A.2.a,IM,3.75
13-1141.00,2.A.2.a,LV,3.88
13-1141.00,2.A.2.b,IM,3.38
13-1141.00,2.A.2.b,LV,3.75
13-1141.00,2.A.2.c,IM,2.88
13-1141.00,2.A.2.c,LV,3.38
13-1141.00,2.A.2.d,IM,3.12
13-1141.00,2.A.2.d,LV,3.5
15-1212.00,2.A.1.a,IM,4
15-1212.00,2.A.1.a,LV,4.12
15-1212.00,2.A.1.b,IM,3.75
15-1212.00,2.A.1.b,LV,3.88
15-1212.00,2.A.1.c,IM,3.5
15-1212.00,2.A.1.c,LV,3.75
15-1212.00,2.A.1.d,IM,3.62
15-1212.00,2.A.1.d,LV,3.75
15-1212.00,2.A.1.e,IM,2.25
15-1212.00,2.A.1.e,LV,2.38
15-1212.00,2.A.1.f,IM,1.88
15-1212.00,2.A.1.f,LV,1.62
15-1212.00,2.A.2.a,IM,3.88
15-1212.00,2.A.2.a,LV,4.12
15-1212.00,2.A.2.b,IM,3.25
15-1212.00,2.A.2.b,LV,3.88
15-1212.00,2.A.2.c,IM,2.88
15-1212.00,2.A.2.c,LV,3.12
15-1212.00,2.A.2.d,IM,3.38
15-1212.00,2.A.2.d,LV,3.88
15-1221.00,2.A.1.a,IM,3.75
15-1221.00,2.A.1.a,LV,4.5
15-1221.00,2.A.1.b,IM,3.75
15-1221.00,2.A.1.b,LV,4.12
15-1221.00,2.A.1.c,IM,3.38
15-1221.00,2.A.1.c,LV,4.12
15-1221.00,2.A.1.d,IM,3.5
15-1221.00,2.A.1.d,LV,4.12
15-1221.00,2.A.1.e,IM,3.38
15-1221.00,2.A.1.e,LV,4.38
15-1221.00,2.A.1.f,IM,3.12
15-1221.00,2.A.1.f,LV,3.38
15-1221.00,2.A.2.a,IM,4
15-1221.00,2.A.2.a,LV,4.25
15-1221.00,2.A.2.b,IM,3.5
15-1221.00,2.A.2.b,LV,4.88
15-1221.00,2.A.2.c,IM,3
15-1221.00,2.A.2.c,LV,3.5
15-1221.00,2.A.2.d,IM,3.12
15-1221.00,2.A.2.d,LV,4
15-1252.00,2.A.1.a,IM,3.5
15-1252.00,2.A.1.a,LV,4.25
15-1252.00,2.A.1.b,IM,3.38
15-1252.00,2.A.1.b,LV,3.88
15-1252.00,2.A.1.c,IM,3.25
15-1252.00,2.A.1.c,LV,3.62
15-1252.00,2.A.1.d,IM,3.12
15-1252.00,2.A.1.d,LV,3.62
15-1252.00,2.A.1.e,IM,2.75
15-1252.00,2.A.1.e,LV,3.25
15-1252.00,2.A.1.f,IM,2.12
15-1252.00,2.A.1.f,LV,1.88
15-1252.00,2.A.2.a,IM,3.88
15-1252.00,2.A.2.a,LV,4.12
15-1252.00,2.A.2.b,IM,3.5
15-1252.00,2.A.2.b,LV,3.62
15-1252.00,2.A.2.c,IM,2.62
15-1252.00,2.A.2.c,LV,3.12
15-1252.00,2.A.2.d,IM,3
15-1252.00,2.A.2.d,LV,3.5
15-1253.00,2.A.1.a,IM,4
15-1253.00,2.A.1.a,LV,4.12
15-1253.00,2.A.1.b,IM,3.88
15-1253.00,2.A.1.b,LV,4
15-1253.00,2.A.1.c,IM,3.75
15-1253.00,2.A.1.c,LV,3.88
15-1253.00,2.A.1.d,IM,3.88
15-1253.00,2.A.1.d,LV,4
15-1253.00,2.A.1.e,IM,2.75
15-1253.00,2.A.1.e,LV,2.75
15-1253.00,2.A.1.f,IM,2.75
15-1253.00,2.A.1.f,LV,3.12
15-1253.00,2.A.2.a,IM,3.88
15-1253.00,2.A.2.a,LV,3.88
15-1253.00,2.A.2.b,IM,3.12
15-1253.00,2.A.2.b,LV,3.12
15-1253.00,2.A.2.c,IM,2.88
15-1253.00,2.A.2.c,LV,3
15-1253.00,2.A.2.d,IM,3.62
15-1253.00,2.A.2.d,LV,3.75
15-1254.00,2.A.1.a,IM,3.62
15-1254.00,2.A.1.a,LV,4
15-1254.00,2.A.1.b,IM,3.5
15-1254.00,2.A.1.b,LV,3.5
15-1254.00,2.A.1.c,IM,3.12
15-1254.00,2.A.1.c,LV,3.5
15-1254.00,2.A.1.d,IM,3.25
15-1254.00,2.A.1.d,LV,3.25
15-1254.00,2.A.1.e,IM,2.75
15-1254.00,2.A.1.e,LV,2.88
15-1254.00,2.A.1.f,IM,2
15-1254.00,2.A.1.f,LV,2.25
15-1254.00,2.A.2.a,IM,3.75
15-1254.00,2.A.2.a,LV,3.88
15-1254.00,2.A.2.b,IM,3.5
15-1254.00,2.A.2.b,LV,3.62
15-1254.00,2.A.2.c,IM,2.88
15-1254.00,2.A.2.c,LV,3.12
15-1254.00,2.A.2.d,IM,3
15-1254.00,2.A.2.d,LV,3.38
15-1299.09,2.A.1.a,IM,4
15-1299.09,2.A.1.a,LV,4
15-1299.09,2.A.1.b,IM,4
15-1299.09,2.A.1.b,LV,4
15-1299.09,2.A.1.c,IM,4
15-1299.09,2.A.1.c,LV,4
15-1299.09,2.A.1.d,IM,3.88
15-1299.09,2.A.1.d,LV,4
15-1299.09,2.A.1.e,IM,2.88
15-1299.09,2.A.1.e,LV,3.12
15-1299.09,2.A.1.f,IM,2.12
15-1299.09,2.A.1.f,LV,1.5
15-1299.09,2.A.2.a,IM,4.12
15-1299.09,2.A.2.a,LV,4.25
15-1299.09,2.A.2.b,IM,3.38
15-1299.09,2.A.2.b,LV,3.88
15-1299.09,2.A.2.c,IM,3
15-1299.09,2.A.2.c,LV,3.25
15-1299.09,2.A.2.d,IM,3.62
15-1299.09,2.A.2.d,LV,4.5
43-4161.00,2.A.1.a,IM,4
43-4161.00,2.A.1.a,LV,4
43-4161.00,2.A.1.b,IM,4
43-4161.00,2.A.1.b,LV,4
43-4161.00,2.A.1.c,IM,3.5
43-4161.00,2.A.1.c,LV,3.62
43-4161.00,2.A.1.d,IM,3.75
43-4161.00,2.A.1.d,LV,3.75
43-4161.00,2.A.1.e,IM,2
43-4161.00,2.A.1.e,LV,2
43-4161.00,2.A.1.f,IM,1.12
43-4161.00,2.A.1.f,LV,0.12
43-4161.00,2.A.2.a,IM,3.38
43-4161.00,2.A.2.a,LV,3.62
43-4161.00,2.A.2.b,IM,3
43-4161.00,2.A.2.b,LV,3.12
43-4161.00,2.A.2.c,IM,2.5
43-4161.00,2.A.2.c,LV,2.88
43-4161.00,2.A.2.d,IM,3.38
43-4161.00,2.A.2.d,LV,3.5
11-2021.00,2.B.1.a,IM,3.75
11-2021.00,2.B.1.a,LV,4.00
11-2021.00,2.B.1.b,IM,3.75
11-2021.00,2.B.1.b,LV,4.12
11-2021.00,2.B.1.c,IM,3.88
11-2021.00,2.B.1.c,LV,4.25
11-2021.00,2.B.1.d,IM,3.75
11-2021.00,2.B.1.d,LV,3.88
11-2021.00,2.B.1.e,IM,3.00
11-2021.00,2.B.1.e,LV,3.50
11-2021.00,2.B.1.f,IM,3.00
11-2021.00,2.B.1.f,LV,3.12
11-2021.00,2.B.2.i,IM,3.88
11-2021.00,2.B.2.i,LV,4.00
11-2021.00,2.B.3.a,IM,3.12
11-2021.00,2.B.3.a,LV,3.62
11-2021.00,2.B.3.b,IM,1.88
11-2021.00,2.B.3.b,LV,1.00
11-2021.00,2.B.3.c,IM,1.00
11-2021.00,2.B.3.c,LV,0.00
11-2021.00,2.B.3.d,IM,1.00
11-2021.00,2.B.3.d,LV,0.00
11-2021.00,2.B.3.e,IM,1.75
11-2021.00,2.B.3.e,LV,0.88
11-2021.00,2.B.3.g,IM,1.88
11-2021.00,2.B.3.g,LV,0.88
11-2021.00,2.B.3.h,IM,1.00
11-2021.00,2.B.3.h,LV,0.00
11-2021.00,2.B.3.j,IM,1.00
11-2021.00,2.B.3.j,LV,0.00
11-2021.00,2.B.3.k,IM,1.00
11-2021.00,2.B.3.k,LV,0.00
11-2021.00,2.B.3.l,IM,1.00
11-2021.00,2.B.3.l,LV,0.00
11-2021.00,2.B.3.m,IM,1.88
11-2021.00,2.B.3.m,LV,1.00
11-2021.00,2.B.4.e,IM,3.88
11-2021.00,2.B.4.e,LV,4.00
11-2021.00,2.B.4.g,IM,3.25
11-2021.00,2.B.4.g,LV,3.75
11-2021.00,2.B.4.h,IM,3.88
11-2021.00,2.B.4.h,LV,3.75
11-2021.00,2.B.5.a,IM,3.75
11-2021.00,2.B.5.a,LV,3.75
11-2021.00,2.B.5.b,IM,2.88
11-2021.00,2.B.5.b,LV,3.50
11-2021.00,2.B.5.c,IM,2.88
11-2021.00,2.B.5.c,LV,2.88
11-2021.00,2.B.5.d,IM,3.25
11-2021.00,2.B.5.d,LV,4.00
11-2032.00,2.B.1.a,IM,4.00
11-2032.00,2.B.1.a,LV,3.88
11-2032.00,2.B.1.b,IM,3.75
11-2032.00,2.B.1.b,LV,3.75
11-2032.00,2.B.1.c,IM,3.88
11-2032.00,2.B.1.c,LV,4.00
11-2032.00,2.B.1.d,IM,3.50
11-2032.00,2.B.1.d,LV,3.25
11-2032.00,2.B.1.e,IM,3.12
11-2032.00,2.B.1.e,LV,3.12
11-2032.00,2.B.1.f,IM,3.62
11-2032.00,2.B.1.f,LV,3.50
11-2032.00,2.B.2.i,IM,3.88
11-2032.00,2.B.2.i,LV,3.88
11-2032.00,2.B.3.a,IM,2.00
11-2032.00,2.B.3.a,LV,1.62
11-2032.00,2.B.3.b,IM,1.75
11-2032.00,2.B.3.b,LV,1.25
11-2032.00,2.B.3.c,IM,1.00
11-2032.00,2.B.3.c,LV,0.00
11-2032.00,2.B.3.d,IM,1.00
11-2032.00,2.B.3.d,LV,0.00
11-2032.00,2.B.3.e,IM,1.75
11-2032.00,2.B.3.e,LV,1.00
11-2032.00,2.B.3.g,IM,1.75
11-2032.00,2.B.3.g,LV,1.25
11-2032.00,2.B.3.h,IM,1.75
11-2032.00,2.B.3.h,LV,1.12
11-2032.00,2.B.3.j,IM,1.00
11-2032.00,2.B.3.j,LV,0.00
11-2032.00,2.B.3.k,IM,1.00
11-2032.00,2.B.3.k,LV,0.00
11-2032.00,2.B.3.l,IM,1.00
11-2032.00,2.B.3.l,LV,0.00
11-2032.00,2.B.3.m,IM,1.38
11-2032.00,2.B.3.m,LV,0.50
11-2032.00,2.B.4.e,IM,3.62
11-2032.00,2.B.4.e,LV,3.88
11-2032.00,2.B.4.g,IM,3.12
11-2032.00,2.B.4.g,LV,3.38
11-2032.00,2.B.4.h,IM,3.25
11-2032.00,2.B.4.h,LV,3.62
11-2032.00,2.B.5.a,IM,3.62
11-2032.00,2.B.5.a,LV,3.62
11-2032.00,2.B.5.b,IM,2.75
11-2032.00,2.B.5.b,LV,2.88
11-2032.00,2.B.5.c,IM,2.50
11-2032.00,2.B.5.c,LV,2.62
11-2032.00,2.B.5.d,IM,3.00
11-2032.00,2.B.5.d,LV,3.12
11-3031.00,2.B.1.a,IM,3.62
11-3031.00,2.B.1.a,LV,3.75
11-3031.00,2.B.1.b,IM,3.62
11-3031.00,2.B.1.b,LV,3.75
11-3031.00,2.B.1.c,IM,3.38
11-3031.00,2.B.1.c,LV,3.75
11-3031.00,2.B.1.d,IM,3.12
11-3031.00,2.B.1.d,LV,3.75
11-3031.00,2.B.1.e,IM,2.88
11-3031.00,2.B.1.e,LV,3.38
11-3031.00,2.B.1.f,IM,3.62
11-3031.00,2.B.1.f,LV,3.62
11-3031.00,2.B.2.i,IM,3.62
11-3031.00,2.B.2.i,LV,3.88
11-3031.00,2.B.3.a,IM,1.75
11-3031.00,2.B.3.a,LV,1.12
11-3031.00,2.B.3.b,IM,1.62
11-3031.00,2.B.3.b,LV,0.88
11-3031.00,2.B.3.c,IM,1.25
11-3031.00,2.B.3.c,LV,0.38
11-3031.00,2.B.3.d,IM,1.00
11-3031.00,2.B.3.d,LV,0.00
11-3031.00,2.B.3.e,IM,1.88
11-3031.00,2.B.3.e,LV,1.62
11-3031.00,2.B.3.g,IM,1.88
11-3031.00,2.B.3.g,LV,1.38
11-3031.00,2.B.3.h,IM,1.12
11-3031.00,2.B.3.h,LV,0.12
11-3031.00,2.B.3.j,IM,1.00
11-3031.00,2.B.3.j,LV,0.00
11-3031.00,2.B.3.k,IM,1.25
11-3031.00,2.B.3.k,LV,0.38
11-3031.00,2.B.3.l,IM,1.00
11-3031.00,2.B.3.l,LV,0.00
11-3031.00,2.B.3.m,IM,1.88
11-3031.00,2.B.3.m,LV,1.50
11-3031.00,2.B.4.e,IM,3.62
11-3031.00,2.B.4.e,LV,3.88
11-3031.00,2.B.4.g,IM,3.00
11-3031.00,2.B.4.g,LV,3.25
11-3031.00,2.B.4.h,IM,3.00
11-3031.00,2.B.4.h,LV,3.25
11-3031.00,2.B.5.a,IM,3.62
11-3031.00,2.B.5.a,LV,3.75
11-3031.00,2.B.5.b,IM,3.12
11-3031.00,2.B.5.b,LV,3.62
11-3031.00,2.B.5.c,IM,2.38
11-3031.00,2.B.5.c,LV,2.12
11-3031.00,2.B.5.d,IM,3.62
11-3031.00,2.B.5.d,LV,4.00
11-3111.00,2.B.1.a,IM,3.50
11-3111.00,2.B.1.a,LV,3.88
11-3111.00,2.B.1.b,IM,3.12
11-3111.00,2.B.1.b,LV,3.50
11-3111.00,2.B.1.c,IM,3.00
11-3111.00,2.B.1.c,LV,3.38
11-3111.00,2.B.1.d,IM,3.12
11-3111.00,2.B.1.d,LV,3.25
11-3111.00,2.B.1.e,IM,3.00
11-3111.00,2.B.1.e,LV,3.12
11-3111.00,2.B.1.f,IM,3.12
11-3111.00,2.B.1.f,LV,3.12
11-3111.00,2.B.2.i,IM,3.38
11-3111.00,2.B.2.i,LV,3.25
11-3111.00,2.B.3.a,IM,2.75
11-3111.00,2.B.3.a,LV,2.88
11-3111.00,2.B.3.b,IM,1.50
11-3111.00,2.B.3.b,LV,0.62
11-3111.00,2.B.3.c,IM,1.00
11-3111.00,2.B.3.c,LV,0.00
11-3111.00,2.B.3.d,IM,1.00
11-3111.00,2.B.3.d,LV,0.00
11-3111.00,2.B.3.e,IM,1.75
11-3111.00,2.B.3.e,LV,0.88
11-3111.00,2.B.3.g,IM,1.50
11-3111.00,2.B.3.g,LV,0.50
11-3111.00,2.B.3.h,IM,1.00
11-3111.00,2.B.3.h,LV,0.00
11-3111.00,2.B.3.j,IM,1.00
11-3111.00,2.B.3.j,LV,0.00
11-3111.00,2.B.3.k,IM,1.00
11-3111.00,2.B.3.k,LV,0.00
11-3111.00,2.B.3.l,IM,1.00
11-3111.00,2.B.3.l,LV,0.00
11-3111.00,2.B.3.m,IM,1.50
11-3111.00,2.B.3.m,LV,0.88
11-3111.00,2.B.4.e,IM,3.88
11-3111.00,2.B.4.e,LV,4.00
11-3111.00,2.B.4.g,IM,3.25
11-3111.00,2.B.4.g,LV,3.75
11-3111.00,2.B.4.h,IM,3.25
11-3111.00,2.B.4.h,LV,3.88
11-3111.00,2.B.5.a,IM,3.62
11-3111.00,2.B.5.a,LV,3.75
11-3111.00,2.B.5.b,IM,3.25
11-3111.00,2.B.5.b,LV,3.75
11-3111.00,2.B.5.c,IM,1.88
11-3111.00,2.B.5.c,LV,1.75
11-3111.00,2.B.5.d,IM,3.62
11-3111.00,2.B.5.d,LV,3.75
11-3121.00,2.B.1.a,IM,4.00
11-3121.00,2.B.1.a,LV,4.12
11-3121.00,2.B.1.b,IM,4.12
11-3121.00,2.B.1.b,LV,4.00
11-3121.00,2.B.1.c,IM,3.75
11-3121.00,2.B.1.c,LV,3.88
11-3121.00,2.B.1.d,IM,3.88
11-3121.00,2.B.1.d,LV,4.00
11-3121.00,2.B.1.e,IM,3.88
11-3121.00,2.B.1.e,LV,4.00
11-3121.00,2.B.1.f,IM,3.75
11-3121.00,2.B.1.f,LV,3.88
11-3121.00,2.B.2.i,IM,4.00
11-3121.00,2.B.2.i,LV,4.00
11-3121.00,2.B.3.a,IM,2.38
11-3121.00,2.B.3.a,LV,2.25
11-3121.00,2.B.3.b,IM,1.50
11-3121.00,2.B.3.b,LV,0.50
11-3121.00,2.B.3.c,IM,1.00
11-3121.00,2.B.3.c,LV,0.00
11-3121.00,2.B.3.d,IM,1.00
11-3121.00,2.B.3.d,LV,0.00
11-3121.00,2.B.3.e,IM,2.00
11-3121.00,2.B.3.e,LV,1.38
11-3121.00,2.B.3.g,IM,1.50
11-3121.00,2.B.3.g,LV,0.50
11-3121.00,2.B.3.h,IM,1.25
11-3121.00,2.B.3.h,LV,0.25
11-3121.00,2.B.3.j,IM,1.00
11-3121.00,2.B.3.j,LV,0.00
11-3121.00,2.B.3.k,IM,1.00
11-3121.00,2.B.3.k,LV,0.00
11-3121.00,2.B.3.l,IM,1.00
11-3121.00,2.B.3.l,LV,0.00
11-3121.00,2.B.3.m,IM,1.62
11-3121.00,2.B.3.m,LV,1.00
11-3121.00,2.B.4.e,IM,4.00
11-3121.00,2.B.4.e,LV,4.25
11-3121.00,2.B.4.g,IM,3.62
11-3121.00,2.B.4.g,LV,3.25
11-3121.00,2.B.4.h,IM,3.88
11-3121.00,2.B.4.h,LV,4.00
11-3121.00,2.B.5.a,IM,4.00
11-3121.00,2.B.5.a,LV,4.12
11-3121.00,2.B.5.b,IM,3.12
11-3121.00,2.B.5.b,LV,4.00
11-3121.00,2.B.5.c,IM,2.38
11-3121.00,2.B.5.c,LV,2.62
11-3121.00,2.B.5.d,IM,4.25
11-3121.00,2.B.5.d,LV,4.75
13-1071.00,2.B.1.a,IM,3.38
13-1071.00,2.B.1.a,LV,3.88
13-1071.00,2.B.1.b,IM,3.00
13-1071.00,2.B.1.b,LV,3.50
13-1071.00,2.B.1.c,IM,2.88
13-1071.00,2.B.1.c,LV,3.00
13-1071.00,2.B.1.d,IM,3.00
13-1071.00,2.B.1.d,LV,3.00
13-1071.00,2.B.1.e,IM,3.12
13-1071.00,2.B.1.e,LV,3.12
13-1071.00,2.B.1.f,IM,3.38
13-1071.00,2.B.1.f,LV,3.25
13-1071.00,2.B.2.i,IM,3.12
13-1071.00,2.B.2.i,LV,3.12
13-1071.00,2.B.3.a,IM,1.25
13-1071.00,2.B.3.a,LV,0.25
13-1071.00,2.B.3.b,IM,1.75
13-1071.00,2.B.3.b,LV,0.75
13-1071.00,2.B.3.c,IM,1.00
13-1071.00,2.B.3.c,LV,0.00
13-1071.00,2.B.3.d,IM,1.00
13-1071.00,2.B.3.d,LV,0.00
13-1071.00,2.B.3.e,IM,1.62
13-1071.00,2.B.3.e,LV,0.62
13-1071.00,2.B.3.g,IM,1.50
13-1071.00,2.B.3.g,LV,0.50
13-1071.00,2.B.3.h,IM,1.12
13-1071.00,2.B.3.h,LV,0.12
13-1071.00,2.B.3.j,IM,1.00
13-1071.00,2.B.3.j,LV,0.00
13-1071.00,2.B.3.k,IM,1.00
13-1071.00,2.B.3.k,LV,0.00
13-1071.00,2.B.3.l,IM,1.00
13-1071.00,2.B.3.l,LV,0.00
13-1071.00,2.B.3.m,IM,1.75
13-1071.00,2.B.3.m,LV,0.75
13-1071.00,2.B.4.e,IM,3.25
13-1071.00,2.B.4.e,LV,3.50
13-1071.00,2.B.4.g,IM,2.88
13-1071.00,2.B.4.g,LV,2.75
13-1071.00,2.B.4.h,IM,2.38
13-1071.00,2.B.4.h,LV,2.88
13-1071.00,2.B.5.a,IM,3.00
13-1071.00,2.B.5.a,LV,3.00
13-1071.00,2.B.5.b,IM,1.88
13-1071.00,2.B.5.b,LV,1.25
13-1071.00,2.B.5.c,IM,1.88
13-1071.00,2.B.5.c,LV,1.25
13-1071.00,2.B.5.d,IM,2.88
13-1071.00,2.B.5.d,LV,2.88
13-1111.00,2.B.1.a,IM,3.88
13-1111.00,2.B.1.a,LV,4.00
13-1111.00,2.B.1.b,IM,3.88
13-1111.00,2.B.1.b,LV,4.00
13-1111.00,2.B.1.c,IM,3.50
13-1111.00,2.B.1.c,LV,3.88
13-1111.00,2.B.1.d,IM,3.12
13-1111.00,2.B.1.d,LV,3.12
13-1111.00,2.B.1.e,IM,3.25
13-1111.00,2.B.1.e,LV,3.50
13-1111.00,2.B.1.f,IM,3.25
13-1111.00,2.B.1.f,LV,3.25
13-1111.00,2.B.2.i,IM,4.00
13-1111.00,2.B.2.i,LV,4.00
13-1111.00,2.B.3.a,IM,3.00
13-1111.00,2.B.3.a,LV,3.88
13-1111.00,2.B.3.b,IM,2.12
13-1111.00,2.B.3.b,LV,1.38
13-1111.00,2.B.3.c,IM,1.12
13-1111.00,2.B.3.c,LV,0.12
13-1111.00,2.B.3.d,IM,1.00
13-1111.00,2.B.3.d,LV,0.00
13-1111.00,2.B.3.e,IM,1.88
13-1111.00,2.B.3.e,LV,1.25
13-1111.00,2.B.3.g,IM,1.75
13-1111.00,2.B.3.g,LV,1.12
13-1111.00,2.B.3.h,IM,1.38
13-1111.00,2.B.3.h,LV,0.50
13-1111.00,2.B.3.j,IM,1.00
13-1111.00,2.B.3.j,LV,0.00
13-1111.00,2.B.3.k,IM,1.25
13-1111.00,2.B.3.k,LV,0.25
13-1111.00,2.B.3.l,IM,1.00
13-1111.00,2.B.3.l,LV,0.00
13-1111.00,2.B.3.m,IM,1.75
13-1111.00,2.B.3.m,LV,0.88
13-1111.00,2.B.4.e,IM,4.00
13-1111.00,2.B.4.e,LV,4.12
13-1111.00,2.B.4.g,IM,3.75
13-1111.00,2.B.4.g,LV,3.88
13-1111.00,2.B.4.h,IM,3.88
13-1111.00,2.B.4.h,LV,3.88
13-1111.00,2.B.5.a,IM,3.25
13-1111.00,2.B.5.a,LV,3.25
13-1111.00,2.B.5.b,IM,2.25
13-1111.00,2.B.5.b,LV,1.50
13-1111.00,2.B.5.c,IM,2.25
13-1111.00,2.B.5.c,LV,2.25
13-1111.00,2.B.5.d,IM,3.00
13-1111.00,2.B.5.d,LV,3.12
13-1141.00,2.B.1.a,IM,3.00
13-1141.00,2.B.1.a,LV,3.62
13-1141.00,2.B.1.b,IM,3.00
13-1141.00,2.B.1.b,LV,3.12
13-1141.00,2.B.1.c,IM,3.00
13-1141.00,2.B.1.c,LV,3.38
13-1141.00,2.B.1.d,IM,3.00
13-1141.00,2.B.1.d,LV,3.12
13-1141.00,2.B.1.e,IM,2.88
13-1141.00,2.B.1.e,LV,3.00
13-1141.00,2.B.1.f,IM,3.00
13-1141.00,2.B.1.f,LV,3.00
13-1141.00,2.B.2.i,IM,3.12
13-1141.00,2.B.2.i,LV,3.50
13-1141.00,2.B.3.a,IM,2.50
13-1141.00,2.B.3.a,LV,2.88
13-1141.00,2.B.3.b,IM,1.50
13-1141.00,2.B.3.b,LV,0.50
13-1141.00,2.B.3.c,IM,1.00
13-1141.00,2.B.3.c,LV,0.00
13-1141.00,2.B.3.d,IM,1.00
13-1141.00,2.B.3.d,LV,0.00
13-1141.00,2.B.3.e,IM,1.62
13-1141.00,2.B.3.e,LV,1.00
13-1141.00,2.B.3.g,IM,1.50
13-1141.00,2.B.3.g,LV,0.50
13-1141.00,2.B.3.h,IM,1.00
13-1141.00,2.B.3.h,LV,0.00
13-1141.00,2.B.3.j,IM,1.00
13-1141.00,2.B.3.j,LV,0.00
13-1141.00,2.B.3.k,IM,1.00
13-1141.00,2.B.3.k,LV,0.00
13-1141.00,2.B.3.l,IM,1.00
13-1141.00,2.B.3.l,LV,0.00
13-1141.00,2.B.3.m,IM,1.38
13-1141.00,2.B.3.m,LV,0.50
13-1141.00,2.B.4.e,IM,3.12
13-1141.00,2.B.4.e,LV,3.75
13-1141.00,2.B.4.g,IM,3.12
13-1141.00,2.B.4.g,LV,3.62
13-1141.00,2.B.4.h,IM,3.12
13-1141.00,2.B.4.h,LV,3.62
13-1141.00,2.B.5.a,IM,3.00
13-1141.00,2.B.5.a,LV,3.00
13-1141.00,2.B.5.b,IM,2.00
13-1141.00,2.B.5.b,LV,2.00
13-1141.00,2.B.5.c,IM,1.75
13-1141.00,2.B.5.c,LV,1.50
13-1141.00,2.B.5.d,IM,2.88
13-1141.00,2.B.5.d,LV,2.88
15-1212.00,2.B.1.a,IM,2.75
15-1212.00,2.B.1.a,LV,2.75
15-1212.00,2.B.1.b,IM,3.00
15-1212.00,2.B.1.b,LV,3.00
15-1212.00,2.B.1.c,IM,2.62
15-1212.00,2.B.1.c,LV,2.88
15-1212.00,2.B.1.d,IM,2.62
15-1212.00,2.B.1.d,LV,2.75
15-1212.00,2.B.1.e,IM,2.88
15-1212.00,2.B.1.e,LV,3.12
15-1212.00,2.B.1.f,IM,2.88
15-1212.00,2.B.1.f,LV,2.75
15-1212.00,2.B.2.i,IM,3.75
15-1212.00,2.B.2.i,LV,3.62
15-1212.00,2.B.3.a,IM,2.50
15-1212.00,2.B.3.a,LV,2.50
15-1212.00,2.B.3.b,IM,2.12
15-1212.00,2.B.3.b,LV,2.12
15-1212.00,2.B.3.c,IM,1.75
15-1212.00,2.B.3.c,LV,1.00
15-1212.00,2.B.3.d,IM,1.50
15-1212.00,2.B.3.d,LV,0.50
15-1212.00,2.B.3.e,IM,2.62
15-1212.00,2.B.3.e,LV,2.25
15-1212.00,2.B.3.g,IM,3.00
15-1212.00,2.B.3.g,LV,3.12
15-1212.00,2.B.3.h,IM,1.75
15-1212.00,2.B.3.h,LV,0.88
15-1212.00,2.B.3.j,IM,1.62
15-1212.00,2.B.3.j,LV,0.88
15-1212.00,2.B.3.k,IM,2.12
15-1212.00,2.B.3.k,LV,1.88
15-1212.00,2.B.3.l,IM,1.62
15-1212.00,2.B.3.l,LV,0.75
15-1212.00,2.B.3.m,IM,3.00
15-1212.00,2.B.3.m,LV,3.12
15-1212.00,2.B.4.e,IM,3.38
15-1212.00,2.B.4.e,LV,3.62
15-1212.00,2.B.4.g,IM,3.38
15-1212.00,2.B.4.g,LV,3.38
15-1212.00,2.B.4.h,IM,3.00
15-1212.00,2.B.4.h,LV,3.38
15-1212.00,2.B.5.a,IM,3.12
15-1212.00,2.B.5.a,LV,3.12
15-1212.00,2.B.5.b,IM,1.75
15-1212.00,2.B.5.b,LV,1.12
15-1212.00,2.B.5.c,IM,1.75
15-1212.00,2.B.5.c,LV,1.00
15-1212.00,2.B.5.d,IM,2.88
15-1212.00,2.B.5.d,LV,2.88
15-1221.00,2.B.1.a,IM,3.00
15-1221.00,2.B.1.a,LV,3.12
15-1221.00,2.B.1.b,IM,3.00
15-1221.00,2.B.1.b,LV,3.75
15-1221.00,2.B.1.c,IM,2.75
15-1221.00,2.B.1.c,LV,3.50
15-1221.00,2.B.1.d,IM,2.50
15-1221.00,2.B.1.d,LV,2.62
15-1221.00,2.B.1.e,IM,3.00
15-1221.00,2.B.1.e,LV,3.38
15-1221.00,2.B.1.f,IM,2.75
15-1221.00,2.B.1.f,LV,2.88
15-1221.00,2.B.2.i,IM,4.00
15-1221.00,2.B.2.i,LV,4.38
15-1221.00,2.B.3.a,IM,3.12
15-1221.00,2.B.3.a,LV,3.88
15-1221.00,2.B.3.b,IM,3.12
15-1221.00,2.B.3.b,LV,4.12
15-1221.00,2.B.3.c,IM,1.88
15-1221.00,2.B.3.c,LV,1.75
15-1221.00,2.B.3.d,IM,1.00
15-1221.00,2.B.3.d,LV,0.00
15-1221.00,2.B.3.e,IM,3.62
15-1221.00,2.B.3.e,LV,4.50
15-1221.00,2.B.3.g,IM,2.62
15-1221.00,2.B.3.g,LV,2.75
15-1221.00,2.B.3.h,IM,2.00
15-1221.00,2.B.3.h,LV,1.75
15-1221.00,2.B.3.j,IM,1.12
15-1221.00,2.B.3.j,LV,0.25
15-1221.00,2.B.3.k,IM,2.38
15-1221.00,2.B.3.k,LV,3.00
15-1221.00,2.B.3.l,IM,1.12
15-1221.00,2.B.3.l,LV,0.25
15-1221.00,2.B.3.m,IM,2.38
15-1221.00,2.B.3.m,LV,2.62
15-1221.00,2.B.4.e,IM,4.00
15-1221.00,2.B.4.e,LV,4.62
15-1221.00,2.B.4.g,IM,3.75
15-1221.00,2.B.4.g,LV,4.38
15-1221.00,2.B.4.h,IM,3.62
15-1221.00,2.B.4.h,LV,4.88
15-1221.00,2.B.5.a,IM,3.38
15-1221.00,2.B.5.a,LV,3.88
15-1221.00,2.B.5.b,IM,2.50
15-1221.00,2.B.5.b,LV,2.88
15-1221.00,2.B.5.c,IM,2.25
15-1221.00,2.B.5.c,LV,2.62
15-1221.00,2.B.5.d,IM,2.88
15-1221.00,2.B.5.d,LV,3.62
15-1252.00,2.B.1.a,IM,2.88
15-1252.00,2.B.1.a,LV,3.38
15-1252.00,2.B.1.b,IM,3.00
15-1252.00,2.B.1.b,LV,3.12
15-1252.00,2.B.1.c,IM,2.75
15-1252.00,2.B.1.c,LV,3.12
15-1252.00,2.B.1.d,IM,2.62
15-1252.00,2.B.1.d,LV,2.88
15-1252.00,2.B.1.e,IM,2.88
15-1252.00,2.B.1.e,LV,3.12
15-1252.00,2.B.1.f,IM,2.88
15-1252.00,2.B.1.f,LV,3.00
15-1252.00,2.B.2.i,IM,3.38
15-1252.00,2.B.2.i,LV,3.50
15-1252.00,2.B.3.a,IM,3.25
15-1252.00,2.B.3.a,LV,3.12
15-1252.00,2.B.3.b,IM,3.38
15-1252.00,2.B.3.b,LV,3.62
15-1252.00,2.B.3.c,IM,2.12
15-1252.00,2.B.3.c,LV,1.75
15-1252.00,2.B.3.d,IM,1.88
15-1252.00,2.B.3.d,LV,1.00
15-1252.00,2.B.3.e,IM,4.00
15-1252.00,2.B.3.e,LV,4.12
15-1252.00,2.B.3.g,IM,2.75
15-1252.00,2.B.3.g,LV,2.38
15-1252.00,2.B.3.h,IM,2.00
15-1252.00,2.B.3.h,LV,1.75
15-1252.00,2.B.3.j,IM,1.25
15-1252.00,2.B.3.j,LV,0.25
15-1252.00,2.B.3.k,IM,2.62
15-1252.00,2.B.3.k,LV,2.38
15-1252.00,2.B.3.l,IM,1.12
15-1252.00,2.B.3.l,LV,0.25
15-1252.00,2.B.3.m,IM,2.75
15-1252.00,2.B.3.m,LV,2.75
15-1252.00,2.B.4.e,IM,3.62
15-1252.00,2.B.4.e,LV,3.75
15-1252.00,2.B.4.g,IM,3.50
15-1252.00,2.B.4.g,LV,3.88
15-1252.00,2.B.4.h,IM,3.38
15-1252.00,2.B.4.h,LV,4.12
15-1252.00,2.B.5.a,IM,3.12
15-1252.00,2.B.5.a,LV,3.25
15-1252.00,2.B.5.b,IM,1.75
15-1252.00,2.B.5.b,LV,1.00
15-1252.00,2.B.5.c,IM,1.62
15-1252.00,2.B.5.c,LV,1.00
15-1252.00,2.B.5.d,IM,2.25
15-1252.00,2.B.5.d,LV,2.62
15-1253.00,2.B.1.a,IM,2.88
15-1253.00,2.B.1.a,LV,2.88
15-1253.00,2.B.1.b,IM,3.00
15-1253.00,2.B.1.b,LV,3.00
15-1253.00,2.B.1.c,IM,2.50
15-1253.00,2.B.1.c,LV,2.62
15-1253.00,2.B.1.d,IM,2.12
15-1253.00,2.B.1.d,LV,2.12
15-1253.00,2.B.1.e,IM,2.62
15-1253.00,2.B.1.e,LV,2.88
15-1253.00,2.B.1.f,IM,2.50
15-1253.00,2.B.1.f,LV,2.75
15-1253.00,2.B.2.i,IM,3.38
15-1253.00,2.B.2.i,LV,3.12
15-1253.00,2.B.3.a,IM,3.12
15-1253.00,2.B.3.a,LV,3.38
15-1253.00,2.B.3.b,IM,2.62
15-1253.00,2.B.3.b,LV,2.62
15-1253.00,2.B.3.c,IM,1.75
15-1253.00,2.B.3.c,LV,1.12
15-1253.00,2.B.3.d,IM,2.00
15-1253.00,2.B.3.d,LV,1.75
15-1253.00,2.B.3.e,IM,3.62
15-1253.00,2.B.3.e,LV,3.75
15-1253.00,2.B.3.g,IM,3.00
15-1253.00,2.B.3.g,LV,2.62
15-1253.00,2.B.3.h,IM,1.88
15-1253.00,2.B.3.h,LV,1.38
15-1253.00,2.B.3.j,IM,1.00
15-1253.00,2.B.3.j,LV,0.00
15-1253.00,2.B.3.k,IM,2.88
15-1253.00,2.B.3.k,LV,3.00
15-1253.00,2.B.3.l,IM,1.12
15-1253.00,2.B.3.l,LV,0.12
15-1253.00,2.B.3.m,IM,3.38
15-1253.00,2.B.3.m,LV,3.62
15-1253.00,2.B.4.e,IM,3.12
15-1253.00,2.B.4.e,LV,3.62
15-1253.00,2.B.4.g,IM,3.12
15-1253.00,2.B.4.g,LV,3.00
15-1253.00,2.B.4.h,IM,3.25
15-1253.00,2.B.4.h,LV,3.50
15-1253.00,2.B.5.a,IM,3.00
15-1253.00,2.B.5.a,LV,3.00
15-1253.00,2.B.5.b,IM,1.50
15-1253.00,2.B.5.b,LV,0.62
15-1253.00,2.B.5.c,IM,1.50
15-1253.00,2.B.5.c,LV,0.62
15-1253.00,2.B.5.d,IM,2.12
15-1253.00,2.B.5.d,LV,2.00
15-1254.00,2.B.1.a,IM,2.88
15-1254.00,2.B.1.a,LV,2.75
15-1254.00,2.B.1.b,IM,3.00
15-1254.00,2.B.1.b,LV,3.00
15-1254.00,2.B.1.c,IM,2.88
15-1254.00,2.B.1.c,LV,3.12
15-1254.00,2.B.1.d,IM,2.75
15-1254.00,2.B.1.d,LV,2.75
15-1254.00,2.B.1.e,IM,2.75
15-1254.00,2.B.1.e,LV,3.25
15-1254.00,2.B.1.f,IM,2.88
15-1254.00,2.B.1.f,LV,2.88
15-1254.00,2.B.2.i,IM,3.62
15-1254.00,2.B.2.i,LV,3.62
15-1254.00,2.B.3.a,IM,3.62
15-1254.00,2.B.3.a,LV,4.00
15-1254.00,2.B.3.b,IM,2.50
15-1254.00,2.B.3.b,LV,2.38
15-1254.00,2.B.3.c,IM,2.00
15-1254.00,2.B.3.c,LV,2.00
15-1254.00,2.B.3.d,IM,1.25
15-1254.00,2.B.3.d,LV,0.50
15-1254.00,2.B.3.e,IM,4.12
15-1254.00,2.B.3.e,LV,4.25
15-1254.00,2.B.3.g,IM,2.25
15-1254.00,2.B.3.g,LV,2.12
15-1254.00,2.B.3.h,IM,1.62
15-1254.00,2.B.3.h,LV,0.62
15-1254.00,2.B.3.j,IM,1.00
15-1254.00,2.B.3.j,LV,0.00
15-1254.00,2.B.3.k,IM,2.12
15-1254.00,2.B.3.k,LV,2.62
15-1254.00,2.B.3.l,IM,1.00
15-1254.00,2.B.3.l,LV,0.00
15-1254.00,2.B.3.m,IM,2.75
15-1254.00,2.B.3.m,LV,2.75
15-1254.00,2.B.4.e,IM,3.38
15-1254.00,2.B.4.e,LV,3.38
15-1254.00,2.B.4.g,IM,3.12
15-1254.00,2.B.4.g,LV,3.38
15-1254.00,2.B.4.h,IM,3.00
15-1254.00,2.B.4.h,LV,3.25
15-1254.00,2.B.5.a,IM,3.00
15-1254.00,2.B.5.a,LV,2.88
15-1254.00,2.B.5.b,IM,1.75
15-1254.00,2.B.5.b,LV,1.25
15-1254.00,2.B.5.c,IM,1.75
15-1254.00,2.B.5.c,LV,1.50
15-1254.00,2.B.5.d,IM,2.38
15-1254.00,2.B.5.d,LV,2.25
15-1299.09,2.B.1.a,IM,3.38
15-1299.09,2.B.1.a,LV,3.88
15-1299.09,2.B.1.b,IM,4.00
15-1299.09,2.B.1.b,LV,4.12
15-1299.09,2.B.1.c,IM,3.12
15-1299.09,2.B.1.c,LV,3.62
15-1299.09,2.B.1.d,IM,3.38
15-1299.09,2.B.1.d,LV,3.75
15-1299.09,2.B.1.e,IM,3.12
15-1299.09,2.B.1.e,LV,3.25
15-1299.09,2.B.1.f,IM,3.25
15-1299.09,2.B.1.f,LV,3.12
15-1299.09,2.B.2.i,IM,3.38
15-1299.09,2.B.2.i,LV,4.00
15-1299.09,2.B.3.a,IM,2.38
15-1299.09,2.B.3.a,LV,2.50
15-1299.09,2.B.3.b,IM,2.12
15-1299.09,2.B.3.b,LV,1.88
15-1299.09,2.B.3.c,IM,1.00
15-1299.09,2.B.3.c,LV,0.00
15-1299.09,2.B.3.d,IM,1.00
15-1299.09,2.B.3.d,LV,0.00
15-1299.09,2.B.3.e,IM,2.25
15-1299.09,2.B.3.e,LV,1.62
15-1299.09,2.B.3.g,IM,2.25
15-1299.09,2.B.3.g,LV,1.75
15-1299.09,2.B.3.h,IM,1.12
15-1299.09,2.B.3.h,LV,0.12
15-1299.09,2.B.3.j,IM,1.00
15-1299.09,2.B.3.j,LV,0.00
15-1299.09,2.B.3.k,IM,1.50
15-1299.09,2.B.3.k,LV,0.62
15-1299.09,2.B.3.l,IM,1.00
15-1299.09,2.B.3.l,LV,0.00
15-1299.09,2.B.3.m,IM,2.50
15-1299.09,2.B.3.m,LV,1.88
15-1299.09,2.B.4.e,IM,3.62
15-1299.09,2.B.4.e,LV,3.75
15-1299.09,2.B.4.g,IM,3.75
15-1299.09,2.B.4.g,LV,3.75
15-1299.09,2.B.4.h,IM,3.50
15-1299.09,2.B.4.h,LV,3.75
15-1299.09,2.B.5.a,IM,4.00
15-1299.09,2.B.5.a,LV,3.88
15-1299.09,2.B.5.b,IM,3.12
15-1299.09,2.B.5.b,LV,3.62
15-1299.09,2.B.5.c,IM,3.12
15-1299.09,2.B.5.c,LV,3.62
15-1299.09,2.B.5.d,IM,3.88
15-1299.09,2.B.5.d,LV,4.00
15-2051.00,2.B.1.a,IM,2.88
15-2051.00,2.B.1.a,LV,2.88
15-2051.00,2.B.1.b,IM,2.88
15-2051.00,2.B.1.b,LV,3.00
15-2051.00,2.B.1.c,IM,2.75
15-2051.00,2.B.1.c,LV,3.00
15-2051.00,2.B.1.d,IM,2.25
15-2051.00,2.B.1.d,LV,2.25
15-2051.00,2.B.1.e,IM,2.75
15-2051.00,2.B.1.e,LV,3.12
15-2051.00,2.B.1.f,IM,2.50
15-2051.00,2.B.1.f,LV,2.75
15-2051.00,2.B.2.i,IM,3.75
15-2051.00,2.B.2.i,LV,4.12
15-2051.00,2.B.3.a,IM,1.50
15-2051.00,2.B.3.a,LV,0.75
15-2051.00,2.B.3.b,IM,1.62
15-2051.00,2.B.3.b,LV,1.00
15-2051.00,2.B.3.c,IM,1.12
15-2051.00,2.B.3.c,LV,0.12
15-2051.00,2.B.3.d,IM,1.00
15-2051.00,2.B.3.d,LV,0.00
15-2051.00,2.B.3.e,IM,3.75
15-2051.00,2.B.3.e,LV,3.88
15-2051.00,2.B.3.g,IM,1.88
15-2051.00,2.B.3.g,LV,1.38
15-2051.00,2.B.3.h,IM,1.25
15-2051.00,2.B.3.h,LV,0.38
15-2051.00,2.B.3.j,IM,1.00
15-2051.00,2.B.3.j,LV,0.00
15-2051.00,2.B.3.k,IM,1.12
15-2051.00,2.B.3.k,LV,0.12
15-2051.00,2.B.3.l,IM,1.00
15-2051.00,2.B.3.l,LV,0.00
15-2051.00,2.B.3.m,IM,1.88
15-2051.00,2.B.3.m,LV,1.38
15-2051.00,2.B.4.e,IM,3.38
15-2051.00,2.B.4.e,LV,4.00
15-2051.00,2.B.4.g,IM,2.75
15-2051.00,2.B.4.g,LV,2.88
15-2051.00,2.B.4.h,IM,2.75
15-2051.00,2.B.4.h,LV,3.00
15-2051.00,2.B.5.a,IM,3.00
15-2051.00,2.B.5.a,LV,2.88
15-2051.00,2.B.5.b,IM,1.38
15-2051.00,2.B.5.b,LV,0.50
15-2051.00,2.B.5.c,IM,1.50
15-2051.00,2.B.5.c,LV,0.75
15-2051.00,2.B.5.d,IM,2.38
15-2051.00,2.B.5.d,LV,2.38
43-4161.00,2.B.1.a,IM,3.38
43-4161.00,2.B.1.a,LV,3.38
43-4161.00,2.B.1.b,IM,3.00
43-4161.00,2.B.1.b,LV,3.00
43-4161.00,2.B.1.c,IM,2.88
43-4161.00,2.B.1.c,LV,2.75
43-4161.00,2.B.1.d,IM,2.62
43-4161.00,2.B.1.d,LV,2.50
43-4161.00,2.B.1.e,IM,2.50
43-4161.00,2.B.1.e,LV,2.88
43-4161.00,2.B.1.f,IM,3.00
43-4161.00,2.B.1.f,LV,3.00
43-4161.00,2.B.2.i,IM,3.00
43-4161.00,2.B.2.i,LV,2.75
43-4161.00,2.B.3.a,IM,1.75
43-4161.00,2.B.3.a,LV,1.25
43-4161.00,2.B.3.b,IM,1.62
43-4161.00,2.B.3.b,LV,0.75
43-4161.00,2.B.3.c,IM,1.00
43-4161.00,2.B.3.c,LV,0.00
43-4161.00,2.B.3.d,IM,1.00
43-4161.00,2.B.3.d,LV,0.00
43-4161.00,2.B.3.e,IM,1.75
43-4161.00,2.B.3.e,LV,0.75
43-4161.00,2.B.3.g,IM,1.75
43-4161.00,2.B.3.g,LV,1.12
43-4161.00,2.B.3.h,IM,1.25
43-4161.00,2.B.3.h,LV,0.25
43-4161.00,2.B.3.j,IM,1.00
43-4161.00,2.B.3.j,LV,0.00
43-4161.00,2.B.3.k,IM,1.00
43-4161.00,2.B.3.k,LV,0.00
43-4161.00,2.B.3.l,IM,1.00
43-4161.00,2.B.3.l,LV,0.00
43-4161.00,2.B.3.m,IM,1.25
43-4161.00,2.B.3.m,LV,0.38
43-4161.00,2.B.4.e,IM,3.00
43-4161.00,2.B.4.e,LV,3.00
43-4161.00,2.B.4.g,IM,2.25
43-4161.00,2.B.4.g,LV,2.12
43-4161.00,2.B.4.h,IM,2.25
43-4161.00,2.B.4.h,LV,2.12
43-4161.00,2.B.5.a,IM,3.12
43-4161.00,2.B.5.a,LV,2.88
43-4161.00,2.B.5.b,IM,1.62
43-4161.00,2.B.5.b,LV,0.75
43-4161.00,2.B.5.c,IM,1.62
43-4161.00,2.B.5.c,LV,0.75
43-4161.00,2.B.5.d,IM,2.38
43-4161.00,2.B.5.d,LV,2.62
11-2021.00,2.C.1.a,IM,3.97
11-2021.00,2.C.1.a,LV,4.63
11-2021.00,2.C.1.b,IM,3.18
11-2021.00,2.C.1.b,LV,4.29
11-2021.00,2.C.1.c,IM,2.93
11-2021.00,2.C.1.c,LV,3.04
11-2021.00,2.C.1.d,IM,4.71
11-2021.00,2.C.1.d,LV,5.81
11-2021.00,2.C.1.e,IM,4.33
11-2021.00,2.C.1.e,LV,5.64
11-2021.00,2.C.1.f,IM,3.21
11-2021.00,2.C.1.f,LV,3.67
11-2021.00,2.C.2.a,IM,2.45
11-2021.00,2.C.2.a,LV,3.04
11-2021.00,2.C.2.b,IM,1.05
11-2021.00,2.C.2.b,LV,0.09
11-2021.00,2.C.3.a,IM,2.73
11-2021.00,2.C.3.a,LV,3.22
11-2021.00,2.C.3.b,IM,2.15
11-2021.00,2.C.3.b,LV,2.12
11-2021.00,2.C.3.c,IM,2.69
11-2021.00,2.C.3.c,LV,2.63
11-2021.00,2.C.3.d,IM,1.21
11-2021.00,2.C.3.d,LV,0.32
11-2021.00,2.C.3.e,IM,1.67
11-2021.00,2.C.3.e,LV,1.10
11-2021.00,2.C.4.a,IM,2.77
11-2021.00,2.C.4.a,LV,3.35
11-2021.00,2.C.4.b,IM,1.36
11-2021.00,2.C.4.b,LV,0.70
11-2021.00,2.C.4.c,IM,1.23
11-2021.00,2.C.4.c,LV,0.54
11-2021.00,2.C.4.d,IM,1.09
11-2021.00,2.C.4.d,LV,0.18
11-2021.00,2.C.4.e,IM,2.41
11-2021.00,2.C.4.e,LV,2.75
11-2021.00,2.C.4.f,IM,1.99
11-2021.00,2.C.4.f,LV,2.23
11-2021.00,2.C.4.g,IM,2.26
11-2021.00,2.C.4.g,LV,2.38
11-2021.00,2.C.5.a,IM,1.22
11-2021.00,2.C.5.a,LV,0.35
11-2021.00,2.C.5.b,IM,1.37
11-2021.00,2.C.5.b,LV,0.65
11-2021.00,2.C.6,IM,3.23
11-2021.00,2.C.6,LV,4.46
11-2021.00,2.C.7.a,IM,4.50
11-2021.00,2.C.7.a,LV,4.91
11-2021.00,2.C.7.b,IM,1.53
11-2021.00,2.C.7.b,LV,0.93
11-2021.00,2.C.7.c,IM,1.23
11-2021.00,2.C.7.c,LV,0.49
11-2021.00,2.C.7.d,IM,1.47
11-2021.00,2.C.7.d,LV,1.15
11-2021.00,2.C.7.e,IM,1.69
11-2021.00,2.C.7.e,LV,1.31
11-2021.00,2.C.8.a,IM,2.56
11-2021.00,2.C.8.a,LV,2.29
11-2021.00,2.C.8.b,IM,2.49
11-2021.00,2.C.8.b,LV,2.30
11-2021.00,2.C.9.a,IM,2.68
11-2021.00,2.C.9.a,LV,2.15
11-2021.00,2.C.9.b,IM,4.09
11-2021.00,2.C.9.b,LV,3.78
11-2021.00,2.C.10,IM,2.23
11-2021.00,2.C.10,LV,2.18
11-2032.00,2.C.1.a,IM,4.00
11-2032.00,2.C.1.a,LV,4.64
11-2032.00,2.C.1.b,IM,3.17
11-2032.00,2.C.1.b,LV,4.56
11-2032.00,2.C.1.c,IM,2.78
11-2032.00,2.C.1.c,LV,3.40
11-2032.00,2.C.1.d,IM,3.81
11-2032.00,2.C.1.d,LV,5.61
11-2032.00,2.C.1.e,IM,3.78
11-2032.00,2.C.1.e,LV,5.28
11-2032.00,2.C.1.f,IM,2.94
11-2032.00,2.C.1.f,LV,3.94
11-2032.00,2.C.2.a,IM,1.72
11-2032.00,2.C.2.a,LV,1.36
11-2032.00,2.C.2.b,IM,1.14
11-2032.00,2.C.2.b,LV,0.28
11-2032.00,2.C.3.a,IM,2.47
11-2032.00,2.C.3.a,LV,3.14
11-2032.00,2.C.3.b,IM,1.42
11-2032.00,2.C.3.b,LV,0.89
11-2032.00,2.C.3.c,IM,2.06
11-2032.00,2.C.3.c,LV,1.75
11-2032.00,2.C.3.d,IM,1.17
11-2032.00,2.C.3.d,LV,0.28
11-2032.00,2.C.3.e,IM,1.08
11-2032.00,2.C.3.e,LV,0.19
11-2032.00,2.C.4.a,IM,2.47
11-2032.00,2.C.4.a,LV,3.69
11-2032.00,2.C.4.b,IM,1.20
11-2032.00,2.C.4.b,LV,0.46
11-2032.00,2.C.4.c,IM,1.17
11-2032.00,2.C.4.c,LV,0.42
11-2032.00,2.C.4.d,IM,1.20
11-2032.00,2.C.4.d,LV,0.54
11-2032.00,2.C.4.e,IM,2.97
11-2032.00,2.C.4.e,LV,3.42
11-2032.00,2.C.4.f,IM,3.00
11-2032.00,2.C.4.f,LV,3.92
11-2032.00,2.C.4.g,IM,1.94
11-2032.00,2.C.4.g,LV,2.25
11-2032.00,2.C.5.a,IM,1.25
11-2032.00,2.C.5.a,LV,0.47
11-2032.00,2.C.5.b,IM,1.47
11-2032.00,2.C.5.b,LV,0.97
11-2032.00,2.C.6,IM,2.53
11-2032.00,2.C.6,LV,3.53
11-2032.00,2.C.7.a,IM,4.67
11-2032.00,2.C.7.a,LV,5.86
11-2032.00,2.C.7.b,IM,1.94
11-2032.00,2.C.7.b,LV,2.28
11-2032.00,2.C.7.c,IM,1.83
11-2032.00,2.C.7.c,LV,1.67
11-2032.00,2.C.7.d,IM,2.22
11-2032.00,2.C.7.d,LV,2.47
11-2032.00,2.C.7.e,IM,1.83
11-2032.00,2.C.7.e,LV,2.03
11-2032.00,2.C.8.a,IM,2.29
11-2032.00,2.C.8.a,LV,2.46
11-2032.00,2.C.8.b,IM,3.06
11-2032.00,2.C.8.b,LV,3.42
11-2032.00,2.C.9.a,IM,2.25
11-2032.00,2.C.9.a,LV,2.03
11-2032.00,2.C.9.b,IM,4.86
11-2032.00,2.C.9.b,LV,6.28
11-2032.00,2.C.10,IM,1.44
11-2032.00,2.C.10,LV,0.83
11-3031.00,2.C.1.a,IM,4.33
11-3031.00,2.C.1.a,LV,5.44
11-3031.00,2.C.1.b,IM,3.70
11-3031.00,2.C.1.b,LV,4.97
11-3031.00,2.C.1.c,IM,4.07
11-3031.00,2.C.1.c,LV,5.83
11-3031.00,2.C.1.d,IM,3.35
11-3031.00,2.C.1.d,LV,4.36
11-3031.00,2.C.1.e,IM,4.66
11-3031.00,2.C.1.e,LV,5.36
11-3031.00,2.C.1.f,IM,3.50
11-3031.00,2.C.1.f,LV,4.30
11-3031.00,2.C.2.a,IM,1.89
11-3031.00,2.C.2.a,LV,1.85
11-3031.00,2.C.2.b,IM,1.08
11-3031.00,2.C.2.b,LV,0.15
11-3031.00,2.C.3.a,IM,3.25
11-3031.00,2.C.3.a,LV,3.97
11-3031.00,2.C.3.b,IM,1.29
11-3031.00,2.C.3.b,LV,0.49
11-3031.00,2.C.3.c,IM,1.33
11-3031.00,2.C.3.c,LV,0.69
11-3031.00,2.C.3.d,IM,1.29
11-3031.00,2.C.3.d,LV,0.57
11-3031.00,2.C.3.e,IM,1.36
11-3031.00,2.C.3.e,LV,0.63
11-3031.00,2.C.4.a,IM,3.73
11-3031.00,2.C.4.a,LV,4.48
11-3031.00,2.C.4.b,IM,1.00
11-3031.00,2.C.4.b,LV,0.00
11-3031.00,2.C.4.c,IM,1.00
11-3031.00,2.C.4.c,LV,0.00
11-3031.00,2.C.4.d,IM,1.00
11-3031.00,2.C.4.d,LV,0.00
11-3031.00,2.C.4.e,IM,2.25
11-3031.00,2.C.4.e,LV,2.66
11-3031.00,2.C.4.f,IM,1.64
11-3031.00,2.C.4.f,LV,1.27
11-3031.00,2.C.4.g,IM,1.56
11-3031.00,2.C.4.g,LV,1.66
11-3031.00,2.C.5.a,IM,1.01
11-3031.00,2.C.5.a,LV,0.02
11-3031.00,2.C.5.b,IM,1.34
11-3031.00,2.C.5.b,LV,0.65
11-3031.00,2.C.6,IM,3.29
11-3031.00,2.C.6,LV,4.72
11-3031.00,2.C.7.a,IM,3.32
11-3031.00,2.C.7.a,LV,3.75
11-3031.00,2.C.7.b,IM,1.69
11-3031.00,2.C.7.b,LV,1.15
11-3031.00,2.C.7.c,IM,1.02
11-3031.00,2.C.7.c,LV,0.03
11-3031.00,2.C.7.d,IM,1.20
11-3031.00,2.C.7.d,LV,0.42
11-3031.00,2.C.7.e,IM,1.59
11-3031.00,2.C.7.e,LV,1.32
11-3031.00,2.C.8.a,IM,2.19
11-3031.00,2.C.8.a,LV,1.99
11-3031.00,2.C.8.b,IM,3.60
11-3031.00,2.C.8.b,LV,3.89
11-3031.00,2.C.9.a,IM,1.73
11-3031.00,2.C.9.a,LV,1.27
11-3031.00,2.C.9.b,IM,2.74
11-3031.00,2.C.9.b,LV,2.63
11-3031.00,2.C.10,IM,1.35
11-3031.00,2.C.10,LV,0.50
11-3111.00,2.C.1.a,IM,4.00
11-3111.00,2.C.1.a,LV,4.90
11-3111.00,2.C.1.b,IM,3.05
11-3111.00,2.C.1.b,LV,4.67
11-3111.00,2.C.1.c,IM,3.38
11-3111.00,2.C.1.c,LV,3.76
11-3111.00,2.C.1.d,IM,1.95
11-3111.00,2.C.1.d,LV,2.81
11-3111.00,2.C.1.e,IM,3.76
11-3111.00,2.C.1.e,LV,5.14
11-3111.00,2.C.1.f,IM,4.35
11-3111.00,2.C.1.f,LV,5.33
11-3111.00,2.C.2.a,IM,1.40
11-3111.00,2.C.2.a,LV,0.90
11-3111.00,2.C.2.b,IM,1.00
11-3111.00,2.C.2.b,LV,0.00
11-3111.00,2.C.3.a,IM,2.81
11-3111.00,2.C.3.a,LV,3.62
11-3111.00,2.C.3.b,IM,1.24
11-3111.00,2.C.3.b,LV,0.33
11-3111.00,2.C.3.c,IM,1.43
11-3111.00,2.C.3.c,LV,0.90
11-3111.00,2.C.3.d,IM,1.05
11-3111.00,2.C.3.d,LV,0.14
11-3111.00,2.C.3.e,IM,1.00
11-3111.00,2.C.3.e,LV,0.00
11-3111.00,2.C.4.a,IM,3.33
11-3111.00,2.C.4.a,LV,4.33
11-3111.00,2.C.4.b,IM,1.00
11-3111.00,2.C.4.b,LV,0.00
11-3111.00,2.C.4.c,IM,1.00
11-3111.00,2.C.4.c,LV,0.00
11-3111.00,2.C.4.d,IM,1.10
11-3111.00,2.C.4.d,LV,0.14
11-3111.00,2.C.4.e,IM,1.95
11-3111.00,2.C.4.e,LV,2.33
11-3111.00,2.C.4.f,IM,2.00
11-3111.00,2.C.4.f,LV,2.19
11-3111.00,2.C.4.g,IM,1.10
11-3111.00,2.C.4.g,LV,0.38
11-3111.00,2.C.5.a,IM,1.35
11-3111.00,2.C.5.a,LV,0.90
11-3111.00,2.C.5.b,IM,1.80
11-3111.00,2.C.5.b,LV,1.86
11-3111.00,2.C.6,IM,2.76
11-3111.00,2.C.6,LV,4.19
11-3111.00,2.C.7.a,IM,4.10
11-3111.00,2.C.7.a,LV,4.52
11-3111.00,2.C.7.b,IM,1.43
11-3111.00,2.C.7.b,LV,0.71
11-3111.00,2.C.7.c,IM,1.00
11-3111.00,2.C.7.c,LV,0.00
11-3111.00,2.C.7.d,IM,1.19
11-3111.00,2.C.7.d,LV,0.33
11-3111.00,2.C.7.e,IM,1.57
11-3111.00,2.C.7.e,LV,1.52
11-3111.00,2.C.8.a,IM,1.80
11-3111.00,2.C.8.a,LV,1.71
11-3111.00,2.C.8.b,IM,3.05
11-3111.00,2.C.8.b,LV,3.33
11-3111.00,2.C.9.a,IM,1.86
11-3111.00,2.C.9.a,LV,1.00
11-3111.00,2.C.9.b,IM,2.86
11-3111.00,2.C.9.b,LV,3.24
11-3111.00,2.C.10,IM,1.05
11-3111.00,2.C.10,LV,0.14
11-3121.00,2.C.1.a,IM,4.18
11-3121.00,2.C.1.a,LV,4.95
11-3121.00,2.C.1.b,IM,2.91
11-3121.00,2.C.1.b,LV,4.55
11-3121.00,2.C.1.c,IM,2.68
11-3121.00,2.C.1.c,LV,2.95
11-3121.00,2.C.1.d,IM,2.41
11-3121.00,2.C.1.d,LV,2.91
11-3121.00,2.C.1.e,IM,3.91
11-3121.00,2.C.1.e,LV,4.95
11-3121.00,2.C.1.f,IM,4.91
11-3121.00,2.C.1.f,LV,6.14
11-3121.00,2.C.2.a,IM,2.05
11-3121.00,2.C.2.a,LV,2.18
11-3121.00,2.C.2.b,IM,1.45
11-3121.00,2.C.2.b,LV,0.82
11-3121.00,2.C.3.a,IM,3.05
11-3121.00,2.C.3.a,LV,4.00
11-3121.00,2.C.3.b,IM,1.41
11-3121.00,2.C.3.b,LV,0.95
11-3121.00,2.C.3.c,IM,1.64
11-3121.00,2.C.3.c,LV,1.00
11-3121.00,2.C.3.d,IM,1.23
11-3121.00,2.C.3.d,LV,0.36
11-3121.00,2.C.3.e,IM,1.23
11-3121.00,2.C.3.e,LV,0.27
11-3121.00,2.C.4.a,IM,3.00
11-3121.00,2.C.4.a,LV,4.00
11-3121.00,2.C.4.b,IM,1.09
11-3121.00,2.C.4.b,LV,0.18
11-3121.00,2.C.4.c,IM,1.14
11-3121.00,2.C.4.c,LV,0.32
11-3121.00,2.C.4.d,IM,1.18
11-3121.00,2.C.4.d,LV,0.41
11-3121.00,2.C.4.e,IM,3.27
11-3121.00,2.C.4.e,LV,4.00
11-3121.00,2.C.4.f,IM,2.81
11-3121.00,2.C.4.f,LV,3.50
11-3121.00,2.C.4.g,IM,1.82
11-3121.00,2.C.4.g,LV,1.82
11-3121.00,2.C.5.a,IM,1.67
11-3121.00,2.C.5.a,LV,1.14
11-3121.00,2.C.5.b,IM,2.91
11-3121.00,2.C.5.b,LV,3.95
11-3121.00,2.C.6,IM,3.86
11-3121.00,2.C.6,LV,5.64
11-3121.00,2.C.7.a,IM,4.32
11-3121.00,2.C.7.a,LV,4.73
11-3121.00,2.C.7.b,IM,2.18
11-3121.00,2.C.7.b,LV,2.00
11-3121.00,2.C.7.c,IM,1.27
11-3121.00,2.C.7.c,LV,0.45
11-3121.00,2.C.7.d,IM,1.59
11-3121.00,2.C.7.d,LV,1.36
11-3121.00,2.C.7.e,IM,2.09
11-3121.00,2.C.7.e,LV,2.27
11-3121.00,2.C.8.a,IM,3.18
11-3121.00,2.C.8.a,LV,3.45
11-3121.00,2.C.8.b,IM,3.59
11-3121.00,2.C.8.b,LV,3.45
11-3121.00,2.C.9.a,IM,2.14
11-3121.00,2.C.9.a,LV,1.18
11-3121.00,2.C.9.b,IM,3.00
11-3121.00,2.C.9.b,LV,3.09
11-3121.00,2.C.10,IM,1.52
11-3121.00,2.C.10,LV,0.76
13-1071.00,2.C.1.a,IM,3.83
13-1071.00,2.C.1.a,LV,3.91
13-1071.00,2.C.1.b,IM,3.94
13-1071.00,2.C.1.b,LV,5.27
13-1071.00,2.C.1.c,IM,1.81
13-1071.00,2.C.1.c,LV,1.20
13-1071.00,2.C.1.d,IM,1.62
13-1071.00,2.C.1.d,LV,1.08
13-1071.00,2.C.1.e,IM,3.49
13-1071.00,2.C.1.e,LV,3.72
13-1071.00,2.C.1.f,IM,4.62
13-1071.00,2.C.1.f,LV,5.67
13-1071.00,2.C.2.a,IM,1.39
13-1071.00,2.C.2.a,LV,0.72
13-1071.00,2.C.2.b,IM,1.08
13-1071.00,2.C.2.b,LV,0.11
13-1071.00,2.C.3.a,IM,2.67
13-1071.00,2.C.3.a,LV,2.80
13-1071.00,2.C.3.b,IM,1.23
13-1071.00,2.C.3.b,LV,0.45
13-1071.00,2.C.3.c,IM,1.22
13-1071.00,2.C.3.c,LV,0.36
13-1071.00,2.C.3.d,IM,1.10
13-1071.00,2.C.3.d,LV,0.10
13-1071.00,2.C.3.e,IM,1.08
13-1071.00,2.C.3.e,LV,0.11
13-1071.00,2.C.4.a,IM,2.33
13-1071.00,2.C.4.a,LV,2.53
13-1071.00,2.C.4.b,IM,1.04
13-1071.00,2.C.4.b,LV,0.05
13-1071.00,2.C.4.c,IM,1.09
13-1071.00,2.C.4.c,LV,0.19
13-1071.00,2.C.4.d,IM,1.05
13-1071.00,2.C.4.d,LV,0.09
13-1071.00,2.C.4.e,IM,2.19
13-1071.00,2.C.4.e,LV,2.63
13-1071.00,2.C.4.f,IM,1.64
13-1071.00,2.C.4.f,LV,1.08
13-1071.00,2.C.4.g,IM,1.25
13-1071.00,2.C.4.g,LV,0.57
13-1071.00,2.C.5.a,IM,1.13
13-1071.00,2.C.5.a,LV,0.22
13-1071.00,2.C.5.b,IM,1.68
13-1071.00,2.C.5.b,LV,1.89
13-1071.00,2.C.6,IM,3.07
13-1071.00,2.C.6,LV,4.02
13-1071.00,2.C.7.a,IM,3.81
13-1071.00,2.C.7.a,LV,3.62
13-1071.00,2.C.7.b,IM,1.35
13-1071.00,2.C.7.b,LV,0.45
13-1071.00,2.C.7.c,IM,1.02
13-1071.00,2.C.7.c,LV,0.02
13-1071.00,2.C.7.d,IM,1.07
13-1071.00,2.C.7.d,LV,0.20
13-1071.00,2.C.7.e,IM,1.53
13-1071.00,2.C.7.e,LV,1.90
13-1071.00,2.C.8.a,IM,2.19
13-1071.00,2.C.8.a,LV,1.79
13-1071.00,2.C.8.b,IM,3.30
13-1071.00,2.C.8.b,LV,2.96
13-1071.00,2.C.9.a,IM,1.98
13-1071.00,2.C.9.a,LV,0.97
13-1071.00,2.C.9.b,IM,2.54
13-1071.00,2.C.9.b,LV,2.55
13-1071.00,2.C.10,IM,1.35
13-1071.00,2.C.10,LV,0.64
13-1111.00,2.C.1.a,IM,4.38
13-1111.00,2.C.1.a,LV,4.90
13-1111.00,2.C.1.b,IM,2.81
13-1111.00,2.C.1.b,LV,4.29
13-1111.00,2.C.1.c,IM,3.48
13-1111.00,2.C.1.c,LV,4.05
13-1111.00,2.C.1.d,IM,3.30
13-1111.00,2.C.1.d,LV,4.45
13-1111.00,2.C.1.e,IM,4.00
13-1111.00,2.C.1.e,LV,5.29
13-1111.00,2.C.1.f,IM,3.33
13-1111.00,2.C.1.f,LV,4.38
13-1111.00,2.C.2.a,IM,2.90
13-1111.00,2.C.2.a,LV,3.71
13-1111.00,2.C.2.b,IM,1.40
13-1111.00,2.C.2.b,LV,0.80
13-1111.00,2.C.3.a,IM,3.50
13-1111.00,2.C.3.a,LV,4.24
13-1111.00,2.C.3.b,IM,2.10
13-1111.00,2.C.3.b,LV,2.19
13-1111.00,2.C.3.c,IM,2.45
13-1111.00,2.C.3.c,LV,2.70
13-1111.00,2.C.3.d,IM,1.71
13-1111.00,2.C.3.d,LV,1.48
13-1111.00,2.C.3.e,IM,1.60
13-1111.00,2.C.3.e,LV,1.60
13-1111.00,2.C.4.a,IM,3.62
13-1111.00,2.C.4.a,LV,4.57
13-1111.00,2.C.4.b,IM,1.43
13-1111.00,2.C.4.b,LV,1.00
13-1111.00,2.C.4.c,IM,1.48
13-1111.00,2.C.4.c,LV,1.29
13-1111.00,2.C.4.d,IM,1.38
13-1111.00,2.C.4.d,LV,0.81
13-1111.00,2.C.4.e,IM,3.10
13-1111.00,2.C.4.e,LV,3.62
13-1111.00,2.C.4.f,IM,3.00
13-1111.00,2.C.4.f,LV,3.90
13-1111.00,2.C.4.g,IM,2.40
13-1111.00,2.C.4.g,LV,2.71
13-1111.00,2.C.5.a,IM,1.38
13-1111.00,2.C.5.a,LV,0.71
13-1111.00,2.C.5.b,IM,2.14
13-1111.00,2.C.5.b,LV,2.29
13-1111.00,2.C.6,IM,3.60
13-1111.00,2.C.6,LV,5.25
13-1111.00,2.C.7.a,IM,4.71
13-1111.00,2.C.7.a,LV,5.33
13-1111.00,2.C.7.b,IM,2.00
13-1111.00,2.C.7.b,LV,2.24
13-1111.00,2.C.7.c,IM,1.38
13-1111.00,2.C.7.c,LV,0.95
13-1111.00,2.C.7.d,IM,1.95
13-1111.00,2.C.7.d,LV,1.90
13-1111.00,2.C.7.e,IM,2.00
13-1111.00,2.C.7.e,LV,2.33
13-1111.00,2.C.8.a,IM,2.65
13-1111.00,2.C.8.a,LV,3.10
13-1111.00,2.C.8.b,IM,3.33
13-1111.00,2.C.8.b,LV,3.48
13-1111.00,2.C.9.a,IM,2.38
13-1111.00,2.C.9.a,LV,1.90
13-1111.00,2.C.9.b,IM,3.05
13-1111.00,2.C.9.b,LV,3.71
13-1111.00,2.C.10,IM,2.24
13-1111.00,2.C.10,LV,1.90
13-1141.00,2.C.1.a,IM,3.57
13-1141.00,2.C.1.a,LV,4.48
13-1141.00,2.C.1.b,IM,3.19
13-1141.00,2.C.1.b,LV,4.38
13-1141.00,2.C.1.c,IM,3.25
13-1141.00,2.C.1.c,LV,4.00
13-1141.00,2.C.1.d,IM,1.95
13-1141.00,2.C.1.d,LV,1.85
13-1141.00,2.C.1.e,IM,3.81
13-1141.00,2.C.1.e,LV,4.86
13-1141.00,2.C.1.f,IM,4.24
13-1141.00,2.C.1.f,LV,5.00
13-1141.00,2.C.2.a,IM,1.81
13-1141.00,2.C.2.a,LV,1.48
13-1141.00,2.C.2.b,IM,1.14
13-1141.00,2.C.2.b,LV,0.29
13-1141.00,2.C.3.a,IM,3.05
13-1141.00,2.C.3.a,LV,4.24
13-1141.00,2.C.3.b,IM,1.48
13-1141.00,2.C.3.b,LV,0.81
13-1141.00,2.C.3.c,IM,1.67
13-1141.00,2.C.3.c,LV,1.24
13-1141.00,2.C.3.d,IM,1.38
13-1141.00,2.C.3.d,LV,0.62
13-1141.00,2.C.3.e,IM,1.33
13-1141.00,2.C.3.e,LV,0.57
13-1141.00,2.C.4.a,IM,3.75
13-1141.00,2.C.4.a,LV,4.90
13-1141.00,2.C.4.b,IM,1.22
13-1141.00,2.C.4.b,LV,0.63
13-1141.00,2.C.4.c,IM,1.48
13-1141.00,2.C.4.c,LV,0.76
13-1141.00,2.C.4.d,IM,1.48
13-1141.00,2.C.4.d,LV,0.76
13-1141.00,2.C.4.e,IM,2.24
13-1141.00,2.C.4.e,LV,2.19
13-1141.00,2.C.4.f,IM,2.00
13-1141.00,2.C.4.f,LV,2.00
13-1141.00,2.C.4.g,IM,1.81
13-1141.00,2.C.4.g,LV,1.48
13-1141.00,2.C.5.a,IM,1.81
13-1141.00,2.C.5.a,LV,1.38
13-1141.00,2.C.5.b,IM,1.90
13-1141.00,2.C.5.b,LV,1.95
13-1141.00,2.C.6,IM,2.85
13-1141.00,2.C.6,LV,3.68
13-1141.00,2.C.7.a,IM,3.95
13-1141.00,2.C.7.a,LV,4.24
13-1141.00,2.C.7.b,IM,1.52
13-1141.00,2.C.7.b,LV,0.76
13-1141.00,2.C.7.c,IM,1.19
13-1141.00,2.C.7.c,LV,0.33
13-1141.00,2.C.7.d,IM,1.29
13-1141.00,2.C.7.d,LV,0.38
13-1141.00,2.C.7.e,IM,1.24
13-1141.00,2.C.7.e,LV,0.48
13-1141.00,2.C.8.a,IM,2.20
13-1141.00,2.C.8.a,LV,1.70
13-1141.00,2.C.8.b,IM,3.00
13-1141.00,2.C.8.b,LV,2.70
13-1141.00,2.C.9.a,IM,1.90
13-1141.00,2.C.9.a,LV,0.85
13-1141.00,2.C.9.b,IM,2.95
13-1141.00,2.C.9.b,LV,2.85
13-1141.00,2.C.10,IM,1.62
13-1141.00,2.C.10,LV,0.90
15-1212.00,2.C.1.a,IM,3.68
15-1212.00,2.C.1.a,LV,3.79
15-1212.00,2.C.1.b,IM,2.69
15-1212.00,2.C.1.b,LV,3.13
15-1212.00,2.C.1.c,IM,2.29
15-1212.00,2.C.1.c,LV,2.17
15-1212.00,2.C.1.d,IM,1.51
15-1212.00,2.C.1.d,LV,0.92
15-1212.00,2.C.1.e,IM,3.42
15-1212.00,2.C.1.e,LV,4.14
15-1212.00,2.C.1.f,IM,2.44
15-1212.00,2.C.1.f,LV,3.02
15-1212.00,2.C.2.a,IM,2.41
15-1212.00,2.C.2.a,LV,2.24
15-1212.00,2.C.2.b,IM,1.02
15-1212.00,2.C.2.b,LV,0.06
15-1212.00,2.C.3.a,IM,4.35
15-1212.00,2.C.3.a,LV,5.97
15-1212.00,2.C.3.b,IM,3.64
15-1212.00,2.C.3.b,LV,3.88
15-1212.00,2.C.3.c,IM,2.40
15-1212.00,2.C.3.c,LV,2.76
15-1212.00,2.C.3.d,IM,1.34
15-1212.00,2.C.3.d,LV,1.03
15-1212.00,2.C.3.e,IM,1.68
15-1212.00,2.C.3.e,LV,1.34
15-1212.00,2.C.4.a,IM,2.87
15-1212.00,2.C.4.a,LV,3.53
15-1212.00,2.C.4.b,IM,1.37
15-1212.00,2.C.4.b,LV,0.82
15-1212.00,2.C.4.c,IM,1.23
15-1212.00,2.C.4.c,LV,0.56
15-1212.00,2.C.4.d,IM,1.04
15-1212.00,2.C.4.d,LV,0.08
15-1212.00,2.C.4.e,IM,2.09
15-1212.00,2.C.4.e,LV,2.44
15-1212.00,2.C.4.f,IM,1.71
15-1212.00,2.C.4.f,LV,1.58
15-1212.00,2.C.4.g,IM,1.59
15-1212.00,2.C.4.g,LV,1.25
15-1212.00,2.C.5.a,IM,1.06
15-1212.00,2.C.5.a,LV,0.08
15-1212.00,2.C.5.b,IM,1.10
15-1212.00,2.C.5.b,LV,0.29
15-1212.00,2.C.6,IM,3.19
15-1212.00,2.C.6,LV,4.24
15-1212.00,2.C.7.a,IM,4.26
15-1212.00,2.C.7.a,LV,4.20
15-1212.00,2.C.7.b,IM,1.31
15-1212.00,2.C.7.b,LV,0.67
15-1212.00,2.C.7.c,IM,1.02
15-1212.00,2.C.7.c,LV,0.04
15-1212.00,2.C.7.d,IM,1.13
15-1212.00,2.C.7.d,LV,0.30
15-1212.00,2.C.7.e,IM,1.19
15-1212.00,2.C.7.e,LV,0.50
15-1212.00,2.C.8.a,IM,3.27
15-1212.00,2.C.8.a,LV,3.34
15-1212.00,2.C.8.b,IM,2.70
15-1212.00,2.C.8.b,LV,2.82
15-1212.00,2.C.9.a,IM,3.64
15-1212.00,2.C.9.a,LV,3.95
15-1212.00,2.C.9.b,IM,2.80
15-1212.00,2.C.9.b,LV,2.61
15-1212.00,2.C.10,IM,1.61
15-1212.00,2.C.10,LV,0.86
15-1221.00,2.C.1.a,IM,3.30
15-1221.00,2.C.1.a,LV,3.76
15-1221.00,2.C.1.b,IM,2.59
15-1221.00,2.C.1.b,LV,2.63
15-1221.00,2.C.1.c,IM,2.17
15-1221.00,2.C.1.c,LV,2.13
15-1221.00,2.C.1.d,IM,2.71
15-1221.00,2.C.1.d,LV,2.93
15-1221.00,2.C.1.e,IM,2.71
15-1221.00,2.C.1.e,LV,2.84
15-1221.00,2.C.1.f,IM,2.46
15-1221.00,2.C.1.f,LV,2.70
15-1221.00,2.C.2.a,IM,2.47
15-1221.00,2.C.2.a,LV,2.47
15-1221.00,2.C.2.b,IM,1.05
15-1221.00,2.C.2.b,LV,0.16
15-1221.00,2.C.3.a,IM,4.57
15-1221.00,2.C.3.a,LV,6.11
15-1221.00,2.C.3.b,IM,3.95
15-1221.00,2.C.3.b,LV,4.84
15-1221.00,2.C.3.c,IM,3.27
15-1221.00,2.C.3.c,LV,4.48
15-1221.00,2.C.3.d,IM,1.56
15-1221.00,2.C.3.d,LV,1.19
15-1221.00,2.C.3.e,IM,2.07
15-1221.00,2.C.3.e,LV,2.22
15-1221.00,2.C.4.a,IM,4.06
15-1221.00,2.C.4.a,LV,5.43
15-1221.00,2.C.4.b,IM,2.84
15-1221.00,2.C.4.b,LV,3.53
15-1221.00,2.C.4.c,IM,1.85
15-1221.00,2.C.4.c,LV,1.74
15-1221.00,2.C.4.d,IM,1.90
15-1221.00,2.C.4.d,LV,2.06
15-1221.00,2.C.4.e,IM,2.39
15-1221.00,2.C.4.e,LV,2.36
15-1221.00,2.C.4.f,IM,1.89
15-1221.00,2.C.4.f,LV,1.91
15-1221.00,2.C.4.g,IM,1.85
15-1221.00,2.C.4.g,LV,1.94
15-1221.00,2.C.5.a,IM,1.38
15-1221.00,2.C.5.a,LV,1.03
15-1221.00,2.C.5.b,IM,1.31
15-1221.00,2.C.5.b,LV,0.81
15-1221.00,2.C.6,IM,2.66
15-1221.00,2.C.6,LV,3.68
15-1221.00,2.C.7.a,IM,3.89
15-1221.00,2.C.7.a,LV,4.47
15-1221.00,2.C.7.b,IM,1.28
15-1221.00,2.C.7.b,LV,0.57
15-1221.00,2.C.7.c,IM,1.32
15-1221.00,2.C.7.c,LV,0.70
15-1221.00,2.C.7.d,IM,1.43
15-1221.00,2.C.7.d,LV,1.01
15-1221.00,2.C.7.e,IM,1.41
15-1221.00,2.C.7.e,LV,1.21
15-1221.00,2.C.8.a,IM,2.41
15-1221.00,2.C.8.a,LV,2.73
15-1221.00,2.C.8.b,IM,2.01
15-1221.00,2.C.8.b,LV,2.38
15-1221.00,2.C.9.a,IM,3.09
15-1221.00,2.C.9.a,LV,3.89
15-1221.00,2.C.9.b,IM,2.28
15-1221.00,2.C.9.b,LV,2.12
15-1221.00,2.C.10,IM,1.28
15-1221.00,2.C.10,LV,0.99
15-1252.00,2.C.1.a,IM,2.25
15-1252.00,2.C.1.a,LV,2.68
15-1252.00,2.C.1.b,IM,2.12
15-1252.00,2.C.1.b,LV,2.33
15-1252.00,2.C.1.c,IM,2.47
15-1252.00,2.C.1.c,LV,2.65
15-1252.00,2.C.1.d,IM,2.19
15-1252.00,2.C.1.d,LV,2.05
15-1252.00,2.C.1.e,IM,3.56
15-1252.00,2.C.1.e,LV,4.12
15-1252.00,2.C.1.f,IM,2.36
15-1252.00,2.C.1.f,LV,2.55
15-1252.00,2.C.2.a,IM,2.54
15-1252.00,2.C.2.a,LV,2.10
15-1252.00,2.C.2.b,IM,1.12
15-1252.00,2.C.2.b,LV,0.20
15-1252.00,2.C.3.a,IM,4.75
15-1252.00,2.C.3.a,LV,6.23
15-1252.00,2.C.3.b,IM,2.80
15-1252.00,2.C.3.b,LV,3.17
15-1252.00,2.C.3.c,IM,2.70
15-1252.00,2.C.3.c,LV,3.07
15-1252.00,2.C.3.d,IM,1.11
15-1252.00,2.C.3.d,LV,0.20
15-1252.00,2.C.3.e,IM,1.41
15-1252.00,2.C.3.e,LV,0.68
15-1252.00,2.C.4.a,IM,3.57
15-1252.00,2.C.4.a,LV,4.55
15-1252.00,2.C.4.b,IM,1.28
15-1252.00,2.C.4.b,LV,0.44
15-1252.00,2.C.4.c,IM,1.24
15-1252.00,2.C.4.c,LV,0.35
15-1252.00,2.C.4.d,IM,1.14
15-1252.00,2.C.4.d,LV,0.18
15-1252.00,2.C.4.e,IM,1.60
15-1252.00,2.C.4.e,LV,1.09
15-1252.00,2.C.4.f,IM,1.33
15-1252.00,2.C.4.f,LV,0.55
15-1252.00,2.C.4.g,IM,1.27
15-1252.00,2.C.4.g,LV,0.48
15-1252.00,2.C.5.a,IM,1.00
15-1252.00,2.C.5.a,LV,0.00
15-1252.00,2.C.5.b,IM,1.04
15-1252.00,2.C.5.b,LV,0.16
15-1252.00,2.C.6,IM,2.84
15-1252.00,2.C.6,LV,3.74
15-1252.00,2.C.7.a,IM,3.27
15-1252.00,2.C.7.a,LV,3.63
15-1252.00,2.C.7.b,IM,1.14
15-1252.00,2.C.7.b,LV,0.29
15-1252.00,2.C.7.c,IM,1.00
15-1252.00,2.C.7.c,LV,0.00
15-1252.00,2.C.7.d,IM,1.05
15-1252.00,2.C.7.d,LV,0.15
15-1252.00,2.C.7.e,IM,1.16
15-1252.00,2.C.7.e,LV,0.41
15-1252.00,2.C.8.a,IM,2.57
15-1252.00,2.C.8.a,LV,1.80
15-1252.00,2.C.8.b,IM,1.74
15-1252.00,2.C.8.b,LV,1.14
15-1252.00,2.C.9.a,IM,2.62
15-1252.00,2.C.9.a,LV,2.91
15-1252.00,2.C.9.b,IM,1.74
15-1252.00,2.C.9.b,LV,1.11
15-1252.00,2.C.10,IM,1.72
15-1252.00,2.C.10,LV,1.11
15-1253.00,2.C.1.a,IM,2.45
15-1253.00,2.C.1.a,LV,3.09
15-1253.00,2.C.1.b,IM,2.41
15-1253.00,2.C.1.b,LV,3.00
15-1253.00,2.C.1.c,IM,1.65
15-1253.00,2.C.1.c,LV,1.09
15-1253.00,2.C.1.d,IM,1.41
15-1253.00,2.C.1.d,LV,0.97
15-1253.00,2.C.1.e,IM,2.67
15-1253.00,2.C.1.e,LV,2.85
15-1253.00,2.C.1.f,IM,1.91
15-1253.00,2.C.1.f,LV,2.18
15-1253.00,2.C.2.a,IM,2.00
15-1253.00,2.C.2.a,LV,1.71
15-1253.00,2.C.2.b,IM,1.03
15-1253.00,2.C.2.b,LV,0.09
15-1253.00,2.C.3.a,IM,4.41
15-1253.00,2.C.3.a,LV,5.47
15-1253.00,2.C.3.b,IM,3.27
15-1253.00,2.C.3.b,LV,3.94
15-1253.00,2.C.3.c,IM,3.00
15-1253.00,2.C.3.c,LV,3.68
15-1253.00,2.C.3.d,IM,1.18
15-1253.00,2.C.3.d,LV,0.35
15-1253.00,2.C.3.e,IM,1.24
15-1253.00,2.C.3.e,LV,0.53
15-1253.00,2.C.4.a,IM,3.29
15-1253.00,2.C.4.a,LV,4.24
15-1253.00,2.C.4.b,IM,1.44
15-1253.00,2.C.4.b,LV,0.85
15-1253.00,2.C.4.c,IM,1.18
15-1253.00,2.C.4.c,LV,0.44
15-1253.00,2.C.4.d,IM,1.15
15-1253.00,2.C.4.d,LV,0.35
15-1253.00,2.C.4.e,IM,1.94
15-1253.00,2.C.4.e,LV,1.91
15-1253.00,2.C.4.f,IM,1.65
15-1253.00,2.C.4.f,LV,1.56
15-1253.00,2.C.4.g,IM,1.47
15-1253.00,2.C.4.g,LV,1.00
15-1253.00,2.C.5.a,IM,1.09
15-1253.00,2.C.5.a,LV,0.24
15-1253.00,2.C.5.b,IM,1.26
15-1253.00,2.C.5.b,LV,0.68
15-1253.00,2.C.6,IM,2.88
15-1253.00,2.C.6,LV,3.74
15-1253.00,2.C.7.a,IM,3.79
15-1253.00,2.C.7.a,LV,4.09
15-1253.00,2.C.7.b,IM,1.29
15-1253.00,2.C.7.b,LV,0.56
15-1253.00,2.C.7.c,IM,1.15
15-1253.00,2.C.7.c,LV,0.35
15-1253.00,2.C.7.d,IM,1.09
15-1253.00,2.C.7.d,LV,0.18
15-1253.00,2.C.7.e,IM,1.19
15-1253.00,2.C.7.e,LV,0.58
15-1253.00,2.C.8.a,IM,1.76
15-1253.00,2.C.8.a,LV,1.47
15-1253.00,2.C.8.b,IM,1.59
15-1253.00,2.C.8.b,LV,1.29
15-1253.00,2.C.9.a,IM,2.21
15-1253.00,2.C.9.a,LV,1.88
15-1253.00,2.C.9.b,IM,1.97
15-1253.00,2.C.9.b,LV,1.74
15-1253.00,2.C.10,IM,1.26
15-1253.00,2.C.10,LV,0.50
15-1254.00,2.C.1.a,IM,2.38
15-1254.00,2.C.1.a,LV,2.92
15-1254.00,2.C.1.b,IM,2.38
15-1254.00,2.C.1.b,LV,3.25
15-1254.00,2.C.1.c,IM,1.75
15-1254.00,2.C.1.c,LV,1.75
15-1254.00,2.C.1.d,IM,2.25
15-1254.00,2.C.1.d,LV,2.33
15-1254.00,2.C.1.e,IM,2.96
15-1254.00,2.C.1.e,LV,3.25
15-1254.00,2.C.1.f,IM,1.54
15-1254.00,2.C.1.f,LV,1.33
15-1254.00,2.C.2.a,IM,1.75
15-1254.00,2.C.2.a,LV,1.33
15-1254.00,2.C.2.b,IM,1.04
15-1254.00,2.C.2.b,LV,0.12
15-1254.00,2.C.3.a,IM,4.38
15-1254.00,2.C.3.a,LV,5.75
15-1254.00,2.C.3.b,IM,2.58
15-1254.00,2.C.3.b,LV,2.91
15-1254.00,2.C.3.c,IM,2.96
15-1254.00,2.C.3.c,LV,3.22
15-1254.00,2.C.3.d,IM,1.00
15-1254.00,2.C.3.d,LV,0.00
15-1254.00,2.C.3.e,IM,1.08
15-1254.00,2.C.3.e,LV,0.21
15-1254.00,2.C.4.a,IM,3.35
15-1254.00,2.C.4.a,LV,3.91
15-1254.00,2.C.4.b,IM,1.29
15-1254.00,2.C.4.b,LV,0.62
15-1254.00,2.C.4.c,IM,1.00
15-1254.00,2.C.4.c,LV,0.00
15-1254.00,2.C.4.d,IM,1.08
15-1254.00,2.C.4.d,LV,0.21
15-1254.00,2.C.4.e,IM,1.92
15-1254.00,2.C.4.e,LV,1.62
15-1254.00,2.C.4.f,IM,1.75
15-1254.00,2.C.4.f,LV,1.58
15-1254.00,2.C.4.g,IM,1.42
15-1254.00,2.C.4.g,LV,1.12
15-1254.00,2.C.5.a,IM,1.04
15-1254.00,2.C.5.a,LV,0.08
15-1254.00,2.C.5.b,IM,1.08
15-1254.00,2.C.5.b,LV,0.25
15-1254.00,2.C.6,IM,2.25
15-1254.00,2.C.6,LV,2.83
15-1254.00,2.C.7.a,IM,3.54
15-1254.00,2.C.7.a,LV,4.00
15-1254.00,2.C.7.b,IM,1.33
15-1254.00,2.C.7.b,LV,0.58
15-1254.00,2.C.7.c,IM,2.04
15-1254.00,2.C.7.c,LV,1.83
15-1254.00,2.C.7.d,IM,1.17
15-1254.00,2.C.7.d,LV,0.46
15-1254.00,2.C.7.e,IM,1.58
15-1254.00,2.C.7.e,LV,1.21
15-1254.00,2.C.8.a,IM,1.96
15-1254.00,2.C.8.a,LV,1.17
15-1254.00,2.C.8.b,IM,1.79
15-1254.00,2.C.8.b,LV,1.46
15-1254.00,2.C.9.a,IM,2.46
15-1254.00,2.C.9.a,LV,2.12
15-1254.00,2.C.9.b,IM,3.21
15-1254.00,2.C.9.b,LV,3.12
15-1254.00,2.C.10,IM,1.12
15-1254.00,2.C.10,LV,0.25
15-1299.09,2.C.1.a,IM,4.00
15-1299.09,2.C.1.a,LV,4.57
15-1299.09,2.C.1.b,IM,3.29
15-1299.09,2.C.1.b,LV,4.14
15-1299.09,2.C.1.c,IM,3.35
15-1299.09,2.C.1.c,LV,3.57
15-1299.09,2.C.1.d,IM,2.76
15-1299.09,2.C.1.d,LV,3.43
15-1299.09,2.C.1.e,IM,4.24
15-1299.09,2.C.1.e,LV,5.48
15-1299.09,2.C.1.f,IM,3.14
15-1299.09,2.C.1.f,LV,3.86
15-1299.09,2.C.2.a,IM,2.70
15-1299.09,2.C.2.a,LV,3.29
15-1299.09,2.C.2.b,IM,1.14
15-1299.09,2.C.2.b,LV,0.38
15-1299.09,2.C.3.a,IM,4.19
15-1299.09,2.C.3.a,LV,5.48
15-1299.09,2.C.3.b,IM,3.58
15-1299.09,2.C.3.b,LV,4.29
15-1299.09,2.C.3.c,IM,2.86
15-1299.09,2.C.3.c,LV,3.48
15-1299.09,2.C.3.d,IM,2.19
15-1299.09,2.C.3.d,LV,2.38
15-1299.09,2.C.3.e,IM,2.19
15-1299.09,2.C.3.e,LV,2.33
15-1299.09,2.C.4.a,IM,3.14
15-1299.09,2.C.4.a,LV,3.95
15-1299.09,2.C.4.b,IM,1.81
15-1299.09,2.C.4.b,LV,1.57
15-1299.09,2.C.4.c,IM,1.71
15-1299.09,2.C.4.c,LV,1.19
15-1299.09,2.C.4.d,IM,1.30
15-1299.09,2.C.4.d,LV,0.60
15-1299.09,2.C.4.e,IM,2.60
15-1299.09,2.C.4.e,LV,2.63
15-1299.09,2.C.4.f,IM,2.25
15-1299.09,2.C.4.f,LV,2.45
15-1299.09,2.C.4.g,IM,1.95
15-1299.09,2.C.4.g,LV,2.25
15-1299.09,2.C.5.a,IM,1.33
15-1299.09,2.C.5.a,LV,0.57
15-1299.09,2.C.5.b,IM,1.81
15-1299.09,2.C.5.b,LV,1.90
15-1299.09,2.C.6,IM,2.95
15-1299.09,2.C.6,LV,4.24
15-1299.09,2.C.7.a,IM,4.29
15-1299.09,2.C.7.a,LV,4.62
15-1299.09,2.C.7.b,IM,1.62
15-1299.09,2.C.7.b,LV,1.10
15-1299.09,2.C.7.c,IM,1.24
15-1299.09,2.C.7.c,LV,0.33
15-1299.09,2.C.7.d,IM,1.33
15-1299.09,2.C.7.d,LV,0.71
15-1299.09,2.C.7.e,IM,1.67
15-1299.09,2.C.7.e,LV,1.43
15-1299.09,2.C.8.a,IM,2.60
15-1299.09,2.C.8.a,LV,2.90
15-1299.09,2.C.8.b,IM,2.75
15-1299.09,2.C.8.b,LV,2.81
15-1299.09,2.C.9.a,IM,3.19
15-1299.09,2.C.9.a,LV,3.43
15-1299.09,2.C.9.b,IM,3.10
15-1299.09,2.C.9.b,LV,3.52
15-1299.09,2.C.10,IM,2.00
15-1299.09,2.C.10,LV,1.81
15-2051.00,2.C.1.a,IM,2.12
15-2051.00,2.C.1.a,LV,3.04
15-2051.00,2.C.1.b,IM,1.96
15-2051.00,2.C.1.b,LV,2.44
15-2051.00,2.C.1.c,IM,1.84
15-2051.00,2.C.1.c,LV,1.60
15-2051.00,2.C.1.d,IM,1.92
15-2051.00,2.C.1.d,LV,2.08
15-2051.00,2.C.1.e,IM,1.92
15-2051.00,2.C.1.e,LV,2.24
15-2051.00,2.C.1.f,IM,1.80
15-2051.00,2.C.1.f,LV,2.16
15-2051.00,2.C.2.a,IM,1.84
15-2051.00,2.C.2.a,LV,2.00
15-2051.00,2.C.2.b,IM,1.20
15-2051.00,2.C.2.b,LV,0.48
15-2051.00,2.C.3.a,IM,4.24
15-2051.00,2.C.3.a,LV,5.84
15-2051.00,2.C.3.b,IM,2.88
15-2051.00,2.C.3.b,LV,3.52
15-2051.00,2.C.3.c,IM,2.12
15-2051.00,2.C.3.c,LV,2.48
15-2051.00,2.C.3.d,IM,1.33
15-2051.00,2.C.3.d,LV,0.67
15-2051.00,2.C.3.e,IM,1.36
15-2051.00,2.C.3.e,LV,0.50
15-2051.00,2.C.4.a,IM,4.52
15-2051.00,2.C.4.a,LV,5.68
15-2051.00,2.C.4.b,IM,1.84
15-2051.00,2.C.4.b,LV,1.92
15-2051.00,2.C.4.c,IM,1.28
15-2051.00,2.C.4.c,LV,0.64
15-2051.00,2.C.4.d,IM,1.28
15-2051.00,2.C.4.d,LV,0.80
15-2051.00,2.C.4.e,IM,1.92
15-2051.00,2.C.4.e,LV,2.04
15-2051.00,2.C.4.f,IM,1.72
15-2051.00,2.C.4.f,LV,1.84
15-2051.00,2.C.4.g,IM,1.52
15-2051.00,2.C.4.g,LV,1.68
15-2051.00,2.C.5.a,IM,1.44
15-2051.00,2.C.5.a,LV,1.00
15-2051.00,2.C.5.b,IM,1.20
15-2051.00,2.C.5.b,LV,0.52
15-2051.00,2.C.6,IM,2.28
15-2051.00,2.C.6,LV,2.92
15-2051.00,2.C.7.a,IM,3.00
15-2051.00,2.C.7.a,LV,3.44
15-2051.00,2.C.7.b,IM,1.12
15-2051.00,2.C.7.b,LV,0.36
15-2051.00,2.C.7.c,IM,1.12
15-2051.00,2.C.7.c,LV,0.20
15-2051.00,2.C.7.d,IM,1.24
15-2051.00,2.C.7.d,LV,0.60
15-2051.00,2.C.7.e,IM,1.40
15-2051.00,2.C.7.e,LV,0.92
15-2051.00,2.C.8.a,IM,1.56
15-2051.00,2.C.8.a,LV,1.04
15-2051.00,2.C.8.b,IM,1.68
15-2051.00,2.C.8.b,LV,1.60
15-2051.00,2.C.9.a,IM,1.48
15-2051.00,2.C.9.a,LV,1.24
15-2051.00,2.C.9.b,IM,2.20
15-2051.00,2.C.9.b,LV,2.08
15-2051.00,2.C.10,IM,1.28
15-2051.00,2.C.10,LV,0.80
43-4161.00,2.C.1.a,IM,3.47
43-4161.00,2.C.1.a,LV,3.39
43-4161.00,2.C.1.b,IM,4.11
43-4161.00,2.C.1.b,LV,5.83
43-4161.00,2.C.1.c,IM,2.20
43-4161.00,2.C.1.c,LV,2.82
43-4161.00,2.C.1.d,IM,1.36
43-4161.00,2.C.1.d,LV,0.93
43-4161.00,2.C.1.e,IM,3.74
43-4161.00,2.C.1.e,LV,4.90
43-4161.00,2.C.1.f,IM,4.41
43-4161.00,2.C.1.f,LV,4.45
43-4161.00,2.C.2.a,IM,1.33
43-4161.00,2.C.2.a,LV,0.44
43-4161.00,2.C.2.b,IM,1.03
43-4161.00,2.C.2.b,LV,0.07
43-4161.00,2.C.3.a,IM,2.87
43-4161.00,2.C.3.a,LV,3.43
43-4161.00,2.C.3.b,IM,1.09
43-4161.00,2.C.3.b,LV,0.23
43-4161.00,2.C.3.c,IM,1.14
43-4161.00,2.C.3.c,LV,0.24
43-4161.00,2.C.3.d,IM,1.05
43-4161.00,2.C.3.d,LV,0.10
43-4161.00,2.C.3.e,IM,1.01
43-4161.00,2.C.3.e,LV,0.02
43-4161.00,2.C.4.a,IM,2.44
43-4161.00,2.C.4.a,LV,3.40
43-4161.00,2.C.4.b,IM,1.00
43-4161.00,2.C.4.b,LV,0.01
43-4161.00,2.C.4.c,IM,1.03
43-4161.00,2.C.4.c,LV,0.06
43-4161.00,2.C.4.d,IM,1.00
43-4161.00,2.C.4.d,LV,0.01
43-4161.00,2.C.4.e,IM,1.56
43-4161.00,2.C.4.e,LV,1.26
43-4161.00,2.C.4.f,IM,1.48
43-4161.00,2.C.4.f,LV,0.94
43-4161.00,2.C.4.g,IM,1.22
43-4161.00,2.C.4.g,LV,0.44
43-4161.00,2.C.5.a,IM,1.04
43-4161.00,2.C.5.a,LV,0.07
43-4161.00,2.C.5.b,IM,1.62
43-4161.00,2.C.5.b,LV,1.32
43-4161.00,2.C.6,IM,2.65
43-4161.00,2.C.6,LV,3.58
43-4161.00,2.C.7.a,IM,3.44
43-4161.00,2.C.7.a,LV,3.38
43-4161.00,2.C.7.b,IM,1.37
43-4161.00,2.C.7.b,LV,0.41
43-4161.00,2.C.7.c,IM,1.01
43-4161.00,2.C.7.c,LV,0.01
43-4161.00,2.C.7.d,IM,1.04
43-4161.00,2.C.7.d,LV,0.06
43-4161.00,2.C.7.e,IM,1.30
43-4161.00,2.C.7.e,LV,0.76
43-4161.00,2.C.8.a,IM,2.34
43-4161.00,2.C.8.a,LV,2.18
43-4161.00,2.C.8.b,IM,2.21
43-4161.00,2.C.8.b,LV,2.39
43-4161.00,2.C.9.a,IM,1.89
43-4161.00,2.C.9.a,LV,0.85
43-4161.00,2.C.9.b,IM,2.24
43-4161.00,2.C.9.b,LV,2.30
43-4161.00,2.C.10,IM,1.36
43-4161.00,2.C.10,LV,0.84
